丈	一	ジョウ	たけ	たけ。身長しんちょう。; はかる。土地とちを測はかる。; 長ながさの単位たんい。一丈いちじょうは十尺じゅっしゃく。日本にほｎでの１丈じょうは約やく３０３センチメートル。; 老人ろうじん・長老ちょうろうなどを敬うやまって呼よぶ語ご。; 歌舞伎かぶき役者やくしゃの芸名げいめいにつける敬称けいしょう。; 助詞じょしの「たけ」「だけ」に当あてて用もちいられる字じ。	常 4級
与	一	ヨ	あた.える [外] あずか.る・くみ.する	あたえる。; くみする。力ちからをあわせる。仲間なかまになる。味方みかたになる。; ともに。いっしょに。つれだって。; 「～と」と読よみ、並列へいれつの意いを表あらわす。; 「～と」と読よみ、動作どうさの対象たいしょうを示しめす意いを表あらわす。; 「～より」と読よみ、比較ひかくの意いを表あらわす。; あずかる。かかわる。関係かんけいする。参加さんかする。; 「か」と読よみ、疑問ぎもんの意いを表あらわす。; 「や」と読よみ、反語はんごの意いを表あらわす。; 「か」「かな」と読よみ、詠嘆えいたんを表あらわす。	常 4級
丘	一	キュウ	おか	おか。小ちいさい山やま。小高こだかい地形ちけい。; つか。はか。土つちを小高こだかく盛もった墓はか。; むら。村落そんらく。	常 4級
丹	丶	タン	[外] あか・に・まごころ	あか。赤あかい色いろ。; に。赤あかい色いろをした鉱物こうぶつ。; まごころ。精気せいき。	常 4級
乏	丿	ボウ [外] ホウ	とぼ.しい	とぼしい。貧まずしい。足たりない。; 疲つかれる。力ちからを使つかい果はたしている。例れい：疲乏ひぼう	常 3級
乙	乙	オツ [外] イツ	[外] おと・きのと	十干じっかんの二番にばん目め。きのと。五行ごぎょうでは木き。方位ほういでは東ひがし。; 順位じゅんいの二番にばん目め。第だい二位にい。; つばめ。例れい：乙鳥いつちょう; 邦楽ほうがくで、甲こうよりも一段いちだん低ひくい音おと。; 幼おさない。若わかい。; しゃれているさま。気きがきいているさま。	常 3級
乾	乙	カン [外] ケン	かわ.かす・かわ.く [外] いぬい・ひ・ほ.す	かわく。かわかす。ほす。水分すいぶんがなくなる。水分すいぶんをなくす。; うわべの。表面ひょうめん上じょうの。; 易えき（エキ）の卦け。八卦はっけの一ひとつ。天てん・天子てんし・君主くんしゅ・男性だんせいなどの象徴しょうちょう。また、六十四卦ろくじゅうしけの一ひとつ。; つよい。すこやか。剛健ごうけん。; いぬい。北西ほくせいの方位ほうい。	常 4級
了	亅	リョウ	[外] お.わる・さと.る・しま.う	おわる。おえる。済すむ。物事ものごとの始末しまつがつく。; さとる。よくわかる。はっきりとわかる。; まったく。少すこしも。さっぱり。	常 3級
互	二	ゴ	たが.い [外] かたみ.に	たがい。たがいに。; かたみ。かたみに。かわるがわる。; 入いりまじる。くいちがい入いり乱みだれる。; いけにえの獣肉けものにくをさげる棚たな。	常 4級
介	人	カイ	[外] すけ・たす.ける	たすける。; はさまる。間あいだにはいる。仲立なかだちする。; へだてる。わける。; よろい。よろいを身みにつける。; ひとり。孤立こりつする。; 大おおきい。大おおきくする。; 際きわ。ほとり。; 甲羅こうら。または、甲羅こうらのある動物どうぶつ。; すけ。四等官しとうかんで、国司こくしの第二位だいにい。	常 4級
仰	人	ギョウ・コウ [外] ゴウ	あお.ぐ・おお.せ [外] あおの.く・おっしゃ.る・の.く	あおぐ。見上みあげる。顔かおを上あげて上うえを見みる。; おおせ。命令めいれい。いいつけ。身分みぶんが高たかい人ひとの言葉ことば。; のく。あおのく。あおむく。あおむけになる。; あがめる。うやまう。信仰しんこうする。; おっしゃる。「言いう」の尊敬そんけい語ご。	常 4級
企	人	キ	くわだ.てる [外] たくら.む	くわだてる。たくらむ。たくらみ。計画けいかくをたてる。; つまだつ。つまだてる。つま先さきで立たつ。; まちのぞむ。待まちこがれる。	常 3級
伏	人	フク [外] ブク	ふ.す・ふ.せる [外] かく.れる・したが.う	ふす。ふせる。うつむく。うつぶせになる。; ふす。ふせる。かくれる。身みを隠かくす。待まちぶせする。; したがう。ひれふす。服従ふくじゅうする。; 陰暦いんれき六月ろくがつの節ふしの名前なまえ。猛暑もうしょの時期じき。三伏さんぷく（さんぷく）。初伏しょふく（しょふく）・中伏ちゅうふく（ちゅうふく）・末伏まっぷく（まっぷく）の総称そうしょう。	常 3級
伐	人	バツ [外] ハツ	[外] う.つ・き.る・ほこ.る	うつ。敵てきを討うつ。敵てきを殺ころす。攻せめる。; うつ。楽器がっきをたたいてならす。; きる。木きを切きる。木きを切きり倒たおす。; ほこる。自慢じまんする。手柄てがらをひけらかす。; いさお。手柄てがら。功績こうせき。	常 3級
伴	人	ハン・バン	ともな.う [外] とも	ともなう。連つれ立だつ。一緒いっしょに行いく。; とも。行動こうどうをともにする人ひと。仲間なかま。	常 3級
伸	人	シン	の.ばす・の.びる・の.べる [外] の.す・の.る	のばす。のびる。真まっ直すぐにする。長ながくする。; 述のべる。申もうす。; 無実むじつの罪つみの疑うたがいを晴はらす。例れい：伸冤しんえん（しんえん）; のす。のばし広ひろげる。勢力せいりょくなどが拡大かくだいする。; のる。背せのび。体からだを長ながくのばす。	常 3級
伺	人	シ	うかが.う	うかがう。様子ようすをさぐる。のぞき見みる。; 待まつ。機会きかいをうかがい待まつ。; たずねる。訪問ほうもんする。	常 4級
佳	人	カ	[外] よ.い	よい。美うつくしい。立派りっぱ。すぐれている。すばらしい。	常 3級
侍	人	ジ [外] シ	さむらい [外] さぶら.う・はべ.る	はべる。さぶらう。身分みぶんが高たかい人ひとに仕つかえる。また、そのような人ひと。; さむらい。武士ぶし。; はべり。はべる。「あり・ある」「居おり・居おる」の丁寧ていねい語ご。	常 3級
依	人	イ・エ	[外] よ.る	よる。よりかかる。もたれかかる。; よる。たよる。たよりにする。; よる。したがう。; そのまま。元もとのまま。以前いぜんのまま。	常 4級
侵	人	シン	おか.す [外] みにく.い	おかす。少すこしずつ入はいり込こむ。; おかす。攻せめ込こむ。; みにくい。みすぼらしい。容姿ようしがみにくい。背丈せたけが低ひくくみすぼらしい。	常 4級
促	人	ソク	うなが.す [外] せま.る	うながす。急いそがせる。急せき立たてる。; せまる。間あいだが縮ちぢまる。せわしい。	常 3級
俗	人	ゾク	[外] いや.しい・なら.わし	いやしい。下品げひん。程度ていどが低ひくい。; ならわし。ならい。習慣しゅうかん。; 世よの中なか。世間せけん。; 世間せけんの人ひと。一般いっぱんの人ひと。; なみ。ありふれた。	常 4級
倒	人	トウ	たお.す・たお.れる [外] こ.ける・さかさま	たおす。たおれる。例れい：打倒だとう; こける。転ころぶ。; さかさま。さかしま。さかさまにする。ひっくり返かえす。	常 4級
倣	人	ホウ	なら.う	ならう。見本みほんと同おなじようにする。まねる。	常 3級
倹	人	ケン	[外] つづま.やか・つま.しい	つづまやか。つましい。無駄むだづかいをせず質素しっそなさま。; へりくだる。行おこないが控ひかえめである。; まずしい。; 凶作きょうさく。不作ふさく。穀物こくもつが実みのらない。	常 3級
偉	人	イ	えら.い [外] すぐ.れる	えらい。すぐれる。すぐれている。立派りっぱ。; 大おおきい。大おおきくて立派りっぱ。さかんな。	常 4級
偶	人	グウ	[外] たぐい・たまたま・ひとがた	たぐい。対ついになる。つれあい。仲間なかま。; たまたま。思おもいがけず。; ひとがた。でく。木きや土つちで作つくった人ひとの形かたちをしたもの。; 二にで割わり切きれる。偶数ぐうすう。; あう。遭遇そうぐうする。	常 3級
傍	人	ボウ [外] ホウ	かたわ.ら [外] そ.う・そば・はた・わき	かたわら。そば。はた。わき。ほとり。; つくり。漢字かんじを構成こうせいする右側みぎがわの部分ぶぶん。; そう。近ちかづく。そばに寄よる。寄より添そう。	常 4級
催	人	サイ	もよお.す [外] うなが.す・もよ.い	もよおす。きざす。ひきおこす。; うながす。急せき立たてる。; もよい。名詞めいしの下したにつけて「今いまにもそうなりそう」などのきざしが見みえることを表あらわす。; もよおし。行事ぎょうじ。会合かいごう。	常 3級
債	人	サイ	[外] か.し・か.り	かし。かり。借金しゃっきんや貸金ちんぎん。未み精算せいさんの貸借たいしゃく関係かんけい。; 債券さいけんの略りゃく。	常 3級
傾	人	ケイ	かたむ.く・かたむ.ける [外] かし.ぐ・かた.げる・くつがえ.る	かたむく。かたむける。かしぐ。かたげる。かたよる。斜ななめになる。; 心こころをかたむける。集中しゅうちゅうする。; くつがえる。くつがえす。; 危あやうくする。危あやうくなる。	常 4級
僧	人	ソウ		仏道ぶつどうに入はいった人ひと。法師ほうし。僧侶そうりょ。	常 4級
儀	人	ギ	[外] のり・よ.い	のり。作法さほう。手本てほん。例れい：礼儀れいぎ; よい。正ただしい。; のっとる。手本てほんにする。; つれあい。夫婦ふうふ。; くる。きたる。; 測量そくりょう器械きかい。例れい：地球ちきゅう儀ぎ; ぎ。こと。ことがら。「～に関かんすること」の意い。	常 4級
克	儿	コク	[外] か.つ・よ.く	かつ。困難こんなんにうちかつ。争あらそいに勝かつ。; よく。十分じゅうぶんに。; よくする。物事ものごとの上手じょうずに行おこなう能力のうりょくがある。	常 3級
免	儿	メン [外] ブン・ベン	まぬか.れる [外] う.む・や.める・ゆる.す	まぬかれる。まぬがれる。のがれる。; うむ。子こどもを産うむ。＝娩; やめる。辞やめさせる。職しょくをとく。例れい：免職めんしょく; ゆるす。自由じゆうにさせる。罪つみを許ゆるす。例れい：免除めんじょ	常 3級
兼	八	ケン	か.ねる [外] あわ.せる	かねる。あわせる。複数ふくすうのものをあわせる。; かねて。あわせて。一緒いっしょに。; かねる。～しかねる。できない。できそうにない。「し兼かねる」のように、否定ひていの形かたちで用もちいる。; かねて。あらかじめ。前まえもって。	常 4級
冒	曰	ボウ [外] モウ・ボク・モク	おか.す [外] おお.う・ねた.む・むさぼ.る	おかす。無理むりにする。強引ごういんにする。; おおう。かぶせる。また、おおい。かぶりもの。; むさぼる。; ねたむ。ねたましく思おもう。; 「冒頓ぼくとつ」は、匈奴きょうどの単于ぜんうの名な。	常 4級
冗	冖	ジョウ	[外] むだ	むだ。あまる。余分よぶんな。不ふ必要ひつような。; みだれる。わずらわしい。だらだらとまとまりがない。	常 3級
冠	冖	カン	かんむり [外] かむ.る	かんむり。頭あたまにかぶるもの。; かむる。かぶる。かんむりをかぶる。; 成年せいねん。成人せいじんすること。昔むかし、二十歳にじっさいの成人せいじんの儀式ぎしきでかんむりをつけることによるもの。; 一番いちばんすぐれている。最上さいじょう。; かんむり。漢字かんじの部首ぶしゅ。漢字かんじの上側うえがわの部分ぶぶん。	常 3級
凍	冫	トウ	こお.る・こご.える [外] い.てる・し.みる	こおる。いてる。こおりつく。いてつく。; こごえる。しみる。寒気さむけが厳きびしい。	常 3級
凝	冫	ギョウ	こ.らす・こ.る [外] こご.る・しこ.り	こらす。かためる。集中しゅうちゅうする。集あつめる。; こる。こごる。かたまる。; とどまる。動うごかない。停滞ていたいする。; こる。筋肉きんにくがこり固かたまる。また、何なにかに集中しゅうちゅうしたり熱中ねっちゅうしたりする。; しこり。わだかまり。もやもやと残のこる気持きもち。	常 3級
凡	几	ボン・ハン	[外] およ.そ・すべ.て・なみ	およそ。おおよそ。おおかた。あらまし。; すべて。あらゆる。みな。; なみ。普通ふつう。一般的いっぱんてき。あたりまえ。	常 4級
凶	凵	キョウ	[外] おそ.れる・わざわ.い・わる.い	おそれる。こわがる。憂うれえる。; わざわい。わるい。縁起えんぎが悪わるい。不吉ふきつなこと。; わるい。心こころがわるい。邪悪じゃあくな。人ひとを傷きずつけるような。例れい：凶器きょうき; ききん。不作ふさく。作物さくもつが実みのらない。	常 4級
刈	刀	[外] カイ・ガイ	か.る	かる。草くさをかる。草くさをかりとる。; かま。草くさをかる刃物はもの。	常 4級
刑	刀	ケイ [外] ギョウ	[外] しおき・のり	しおき。罰ばつ。罰ばっする。; のり。手本てほん。決きまり。; 治おさめる。ただす。取とり締しまる。	常 3級
到	刀	トウ	[外] いた.る	いたる。行いきつく。; いたる。来くる。やって来くる。; 行いきわたる。すみまで行いきとどく。; さかさま。さかしま。さかさまにする。ひっくり返かえす。＝倒	常 4級
刺	刀	シ [外] セキ	さ.さる・さ.す [外] そし.る・とげ・なふだ	ささる。さす。とがったもので突つきさす。; そしる。なじる。責せめる。; とげ。はり。細ほそくとがったもの。; なふだ。自分じぶんの名なを知しらせるもの。例れい：名刺めいし; さぐる。様子ようすをうかがう。	常 4級
削	刀	サク [外] ショウ	けず.る [外] そ.ぐ・はつ.る	けずる。そぐ。はつる。けずりとる。表面ひょうめんを薄うすく切きって取とり除のぞく。; 竹たけや木きなどに書かいた文字もじをけずるための小刀こがたな。; 刀かたなの鞘さや。	常 3級
剣	刀	ケン	つるぎ	つるぎ。両側りょうがわに刃はのついたかたな。; つるぎや刀かたなを用もちいる武術ぶじゅつ。	常 4級
剤	刀	ザイ [外] セイ・スイ	[外] ま.ぜる	まぜる。まぜあわせる。調合ちょうごうする。; 薬くすり。調合ちょうごうした薬くすり。; そろえる。切きりそろえる。整ととのえる。; 切きりそろえられた手形てがた。割符わりふ。	常 4級
劣	力	レツ	おと.る [外] いや.しい	おとる。力ちからが弱よわい。他ほかにおよばない。; いやしい。質しつが低ひくい。; わずか。わずかに。やっと。	常 4級
励	力	レイ	はげ.ます・はげ.む	はげます。勧すすめる。元気げんきづける。; はげむ。つとめる。努力どりょくする。	常 3級
勘	力	カン	[外] かんが.える	かんがえる。深ふかく考かんがえる。くらべて考かんがえる。; 罪つみを問といただす。取とり調しらべる。; かん。第六感だいろっかん。直感ちょっかん。	常 3級
募	力	ボ [外] モ	つの.る	つのる。もとめる。広ひろく呼よびかけて人材じんざいやお金かねなどを集あつめる。; つのる。ひどくなる。増長ぞうちょうする。激化げきかする。	常 3級
勧	力	カン [外] ケン	すす.める	すすめる。事ことを行おこなうようにすすめる。; すすめる。はげます。力ちからづける。	常 4級
匠	匚	ショウ	[外] たくみ	たくみ。職人しょくにん。技術者ぎじゅつしゃ。; 技巧ぎこう。工夫くふう。アイディア。趣向しゅこうを凝こらす。; ある分野ぶんやにおいて、きわめてすぐれた人ひと。	常 3級
匹	匚	ヒツ [外] ヒキ	ひき [外] たぐ.う	たぐう。並ならぶ。つれあう。; たぐい。対ついになる相手あいて。二ふたつで一組ひとくみのもの。; たぐい。仲間なかま。同類どうるい。; 牛うしや馬うまなどを数かぞえることば。; 布地ぬのじの長ながさの単位たんい。一匹いっぴきは四丈よんじょう。; ひき。動物どうぶつを数かぞえることば。; ひき。布地ぬのじを数かぞえることば。一匹いっぴきは二反にたん。; ひき。昔むかしの金銭きんせんの単位たんい。一匹いっぴきは十文じゅうもん、また後のちには二十五文にじゅうごもん。	常 4級
匿	匚	トク [外] ジョク	[外] かくま.う・かく.れる	かくまう。かくれる。かくす。姿すがたをかくす。公おおやけにしない。人ひとの目めにふれないようにする。	常 3級
卑	十	ヒ	いや.しい・いや.しむ・いや.しめる [外] ひく.い	いやしい。ひくい。身分みぶんが低ひくい。また、行おこないが下品げひん。; いやしむ。いやしめる。さげすむ。見下みさげる。; 自分じぶんをへりくだっていうことば。; 「しむ」と読よみ、「～させる」の意い。	常 3級
卓	十	タク [外] シツ	[外] すぐ.れる・つくえ	すぐれる。抜ぬきんでる。; たかい。ひときわ高たかく抜ぬきんでる。; つくえ。台だい。	常 3級
占	卜	セン	うらな.う・し.める	うらなう。物事ものごとの吉凶きっきょうを判断はんだんする。; しめる。物もの・場所ばしょ・地位ちいなどを自分じぶんのものとする。	常 4級
即	卩	ソク [外] ショク	[外] すなわ.ち・つ.く	つく。位置いちにつく。地位ちいにつく。; つく。近ちかづく。くっつく。; 「すなわち」と読よみ、「すぐに」「ただちに」の意いを表あらわす。; 「すなわち」と読よみ、「つまり」「ほかでもなく」「とりもなおさず」の意いを表あらわす。; 「すなわち」と読よみ、「～であれば～となる」の意いを表あらわす。; 「もし」と読よみ、「もし～ならば」と仮定かていの意いを表あらわす。	常 4級
却	卩	キャク [外] カク	[外] かえ.って・しりぞ.く・しりぞ.ける	かえって。逆ぎゃくに。反対はんたいに。; しりぞく。さがる。後うしろに引ひく。; しりぞける。拒こばむ。押おし戻もどす。; 動詞どうしの後あとにつけて「～してしまう」「～し終おわる」の意いを表あらわす。	常 4級
卸	卩	[外] シャ	おろし・おろ.す	おろす。重おもい荷物にもつをおろす。転てんじて、楽らくになる。; 馬うまから馬具ばぐを解とく。; おろし。おろす。問屋とんやが小売店こうりてんに商品しょうひんを売うる。	常 3級
厘	厂	リン [外] テン・デン・リ		りん。長ながさの単位たんいで、一尺いっしゃくの千分せんぶんの一いち。; りん。重おもさの単位たんいで、一両いちりょうの千分せんぶんの一いち。; りん。面積めんせきの単位たんいで、一畝いっせの百分ひゃくぶんの一いち。; りん。割合わりあいの単位たんいで、一割いちわりの百分ひゃくぶんの一いち。; 店みせ。屋敷やしき。＝廛（俗字ぞくじや略字りゃくじとされることもある。）; りん。貨幣かへい・重おもさなどの単位たんい。; 貨幣かへいの単位たんいで、一銭いっせんの十分じゅうぶんの一いち。; 重おもさの単位たんいで、一匁いちもんめの百分ひゃくぶんの一いち。	常 3級
又	又	[外] ユウ・ウ	また [外] ふたた.び	また。さらに。そのうえ。; また。ふたたび。; みぎ。右みぎの手て。; ゆるす。＝宥; または。あるいは。もしくは。	常 3級
及	又	キュウ	およ.び・およ.ぶ・およ.ぼす	および。ならびに。ふたつ以上いじょうのものを並列へいれつさせる。; およぶ。いたる。追おいつく。達たっする。; およぼす。行いきわたる。行いきわたらせる。	常 4級
双	又	ソウ	ふた [外] たぐい・なら.ぶ・ふた.つ・もろ	ふた。ふたつ。たぐい。もろ。対つい。二ふたつで一組ひとくみのものの両方りょうほうとも。; ならぶ。ならび。同等どうとうの力ちからを持もつ。匹敵ひってきする。; 二ふたつで一組ひとくみのものの組数くみすうを数かぞえる助数詞じょすうし。	常 3級
叫	口	キョウ	さけ.ぶ	さけぶ。大声おおごえをだす。; 呼よぶ。呼よびかける。また、命名めいめいする。・・・と呼よぶ。	常 4級
召	口	ショウ	め.す	めす。呼よび寄よせる。呼よび出だす。; めし。おめし。目上めうえの人ひとからの招まねき。; まねく。まねき寄よせる。招待しょうたいする。; 古代こだい中国ちゅうごくの国名こくめい。	常 4級
吉	口	キチ・キツ	[外] よ.い	よい。賢かしこい。優すぐれている。立派りっぱである。; よい。めでたい。幸さいわい。縁起えんぎがよい。; ついたち。その月つきの最初さいしょの日ひ。朔日さくじつ。初吉しょきち。	常 3級
吏	口	リ	[外] つかさ	つかさ。役人やくにん。特とくに、下級かきゅうの役人やくにんのこと。上級じょうきゅうの役人やくにんを官と呼よび区別くべつする。	常 3級
吐	口	ト	は.く [外] つ.く・ぬ.かす	はく。口くちから吐はき出だす。; 述のべる。言葉ことばを口くちに出だす。; はく。はき出だす。はきもどす。また、はき出だしたもの。へど。例れい：嘔吐おうと; つく。息いきを吐はき出だす。; つく。ぬかす。好このましくないことを口くちに出だしていう。	常 4級
含	口	ガン [外] カン・ゴン	ふく.む・ふく.める	ふくむ。口くちの中なかにいれる。; つつみもつ。中なかに包つつんで持もつ。収おさめ入いれる。; 昔むかしの葬礼そうれいで、死者ししゃの口くちの中なかにふくませた玉たま。; ふくめる。言いい聞きかせる。説明せつめいして納得なっとくさせる。	常 4級
吹	口	スイ	ふ.く	ふく。口くちをとがらせて息いきをはく。; ふく。楽器がっきをふいて鳴ならす。; ふく。風かぜがふく。; 吹奏すいそう楽器がっき。ふき鳴ならす楽器がっき。; ふく。金属きんぞくをとかして加工かこうする。	常 4級
咲	口	[外] ショウ	さ.く [外] わら.う	わらう。＝笑; さく。花はながさく。つぼみが開ひらく。	常 4級
哀	口	アイ	あわ.れ・あわ.れむ [外] かな.しい・かな.しむ	あわれ。あわれむ。かわいそうに思おもう。; かなしい。かなしむ。心こころが痛いたんでつらい気持きもち。; 喪も。喪中もちゅう。特とくに父母ふぼの喪もについていう。	常 3級
哲	口	テツ	[外] あき.らか・さと.い	あきらか。道理どうりに明あかるい。物事ものごとに精通せいつうしている。; さとい。かしこい。利口りこう。賢明けんめい。	常 3級
唐	口	トウ	から [外] もろこし	古代こだい中国ちゅうごくの王朝おうちょうの名な。; ほら。大言たいげん。でたらめ。大おおげさな言葉ことば。; 中身なかみがなく空からっぽなさま。うつろなさま。むなしいさま。; 広ひろい。大おおきい。; つつみ。土手どて。盛土もりつちの道みち。; にわかに。突然とつぜん。; 堂どうの下したから門もんへ続つづく通路つうろ。; から。もろこし。中国ちゅうごくの意い。また、外国がいこくの意い。	常 4級
啓	口	ケイ	[外] ひら.く・もう.す	ひらく。あける。開放かいほうする。開あけ放はなす。; ひらく。教おしえ導みちびく。教おしえ諭さとす。理解りかいさせる。; ひらく。物事ものごとを始はじめる。物事ものごとを起おこす。開拓かいたくする。; 先さきに立たって導みちびく。軍ぐんの先鋒せんぽう。先払さきばらい。; もうす。申もうし述のべる。申もうし上あげる。; 公こう文書ぶんしょ。上申じょうしん書しょ。; 立春りっしゅん。立夏りっか。	常 3級
喚	口	カン	[外] さけ.ぶ・よ.ぶ・わめ.く	よぶ。呼よび寄よせる。呼よびつける。; さけぶ。わめく。おめく。大声おおごえをあげて騒さわぎ立たてる。	常 3級
喫	口	キツ	[外] く.う・す.う・の.む	食くう。食たべる。; 飲のむ。吸すう。; 受うける。こうむる。～される。特とくに損害そんがいや痛手いたでを受うけたり不意ふいをつかれたりするの意い。	常 3級
嘆	口	タン	なげ.かわしい・なげ.く	なげく。なげかわしい。ため息いきをついて悲かなしむ。; 深ふかく感心かんしんしてほめる。ほめたたえる。	常 4級
嘱	口	ショク	[外] たの.む	たのむ。まかせる。言いいつける。	常 3級
噴	口	フン [外] ホン	ふ.く [外] は.く	ふく。はく。ふき出だす。はき出だす。激はげしくふき出だすことをいう場合ばあいが多おおい。	常 4級
圏	囗	ケン	[外] かこ.い	かこい。家畜かちくを飼かうためのかこい。; まげもの。木きをまるく曲まげてつくった容器ようき。; まるい。まるい形かたちのもの。; 限かぎられた一定いっていの範囲はんい。また、仕切しきられた範囲はんい。	常 4級
坊	土	ボウ・ボッ [外] ホウ	[外] へや・まち	まち。村むらや町まちなどの区画くかくの一ひとつ。市街しがい。; へや。いえ。住すまい。; てら。寺院じいん。僧そうの住すまい。; ふせぐ。守まもる。＝防; 僧そう。お坊ぼうさん。; 男おとこの子こを親したしみをこめて呼よぶことば。坊ぼうや。; 他人たにんを親したしんで、またあざけっていうことば。	常 4級
坑	土	コウ	[外] あな	あな。地面じめんのくぼんだところ。; あなにする。穴あなに落おとす。穴あなに埋うめる。	常 3級
埋	土	マイ	う.まる・う.める・う.もれる [外] い.ける・うず.まる・うず.もれる	うめる。うずめる。いける。土つちの中なかにうめる。; うまる。うもれる。うずまる。うずもれる。人ひとの目めにふれなくなる。; うめる。不足ふそくした分ぶんをほかで補おぎなう。	常 3級
執	土	シツ・シュウ	と.る [外] とら.える	とる。手てにとる。手てに持もつ。; とる。つかさどる。とりあつかう。とり行おこなう。; とる。しっかりと守まもる。しっかりと保たもつ。; とらえる。つかまえる。; 友人ゆうじん。同志どうし。親したしい人ひと。	常 4級
堅	土	ケン	かた.い	かたい。つよい。しっかりしている。; かたくする。しっかりする。	常 4級
堤	土	テイ	つつみ	つつみ。水みずをせきとめるために土つちを盛もりあげてつくった土手どて。堤防ていぼう。	常 4級
塊	土	カイ	かたまり [外] つちくれ	つちくれ。ひとかたまりの土つち。; かたまり。ひとつにかたまったもの。; ひとりぼっち。孤独こどく。孤立こりつ。	常 3級
塔	土	トウ		細ほそくて高たかさの高たかい建造物けんぞうぶつ。; 梵語ぼんごの「卒塔婆そとば」を略りゃくしたもの。仏骨ぶっこつを納おさめるための建物たてもの。	常 4級
塗	土	ト	ぬ.る [外] どろ・まぶ.す・まみ.れる・みち	ぬる。液状えきじょうのものを伸のばしてぬる。; どろ。「塗炭とたん」は泥どろと炭すみ。転てんじてきたないもの。; まみれる。よごれる。; みち。道路どうろ。; まぶす。全体ぜんたいにぬりつける。	常 3級
墜	土	ツイ	[外] お.ちる・お.とす	おちる。おとす。落下らっかする。上うえから下したに落おちる。; うしなう。なくす。おとろえる。	常 3級
墨	土	ボク [外] モク	すみ	すみ。字じや絵えをかくときに用もちいるすみ。; 書画しょが。すみでかいた物もの。; 黒くろい。黒くろずんでいる。; すみなわ。線せんを引ひくための大工だいく道具どうぐ。; 入いれ墨ずみ。入いれ墨ずみの刑けい。; 「墨家ぼくか（ぼくか・ぼっか）」の略りゃく。; 長ながさの単位たんい。五尺ごしゃく。	常 3級
墳	土	フン	[外] はか	はか。つか。土つちを盛もり上あげた墓はか。; つつみ。土つちを盛もり上あげた堤防ていぼう。; 大おおきい。ふくれて大おおきい。; 古代こだいの書物しょもつの名な。三墳さんぷん。	常 3級
墾	土	コン	[外] ひら.く	ひらく。たがやす。荒地あれちを切きり開ひらく。	常 3級
壁	土	ヘキ	かべ [外] がけ	かべ。家いえの周まわりを囲かこうもの。また、家いえの中なかの部屋へやと部屋へやを仕切しきるもの。; とりで。敵てきの侵入しんにゅうを防ふせぐためかべ。; とりでをつくる。とりでの中なかに立たてこもる。; がけ。かべのように鋭するどい傾斜けいしゃのがけ。; 二十八宿にじゅうはっしゅくの一ひとつ。なまめぼし。	常 4級
壇	土	タン・ダン		土つちを小高こだかく盛もり上あげて築きずいた祭場さいじょう。; 他ほかよりも一段いちだん高たかくした所ところ。; 同おなじ分野ぶんやの専門せんもん家かたちの集団しゅうだん。	常 3級
壊	土	カイ [外] エ	こわ.す・こわ.れる [外] やぶ.る・やぶ.れる	やぶる。こわす。; やぶれる。こわれる。こわれくずれる。	常 4級
壱	士	イチ [外] イツ	[外] ひと.つ	ひとつ。一いち。数かずの名な。; すべて。もっぱら。まったく。ひとえに。; ひとたび。一度いちど。; 契約けいやく書しょや証書しょうしょなどの文書ぶんしょで数字すうじを表あらわすとき、書かき換かえを防ふせぐために「一」の代かわりに用もちいる文字もじ。大字。	常 4級
奇	大	キ	[外] あや.しい・く.し・めずら.しい	めずらしい。くし。普通ふつうの様子ようすではない。変かわっている。; すぐれている。非凡ひぼん。; あやしい。不思議ふしぎ。; くしくも。不思議ふしぎにも。; 思おもいがけない。予想外よそうがい。; 二にで割わり切きれない。奇数きすう。; 不運ふうん。運うんに恵めぐまれない。	常 4級
奉	大	ブ・ホウ	たてまつ.る [外] うけたまわ.る・まつ.る	たてまつる。まつる。捧ささげる。献上けんじょうする。; うけたまわる。たまわる。目上めうえの人ひとから物ものや命令めいれいなどを受うける。; 仕つかえる。尽つくす。; たてまつる。自分じぶんの動作どうさを受うける相手あいてに対たいして敬意けいいを表あらわす言いい方かた。	常 3級
契	大	ケイ [外] キツ・ケツ・セツ	ちぎ.る [外] きざ.む・ちぎ.り・わりふ	ちぎる。固かたく約束やくそくする。; ちぎり。約束やくそく。誓ちかい。; きざむ。きざみこむ。; わりふ。しるし。手形てがた。; 民族みんぞくの名な「契丹きったん」に用もちいられる字じ。; つとめ苦くるしむ。苦くるしみ悩なやむ。; 久ひさしく会あわない。; 人名じんめい。殷いん王朝おうちょうの湯王とうおうの祖先そせんの名な。	常 3級
奥	大	オウ [外] イク	おく [外] くま	部屋へやの南西なんせいのすみ。神かみを祭まつる場所ばしょ。; 家いえの奥おくのほうにある部屋へや。; おく。おく深ぶかく入いりこんだ場所ばしょ。また、そのような事柄ことがら。; くま。川かわなどが曲まがって入いりくんだところ。; あたたか。あたたかい。＝燠; おく。夫人ふじん。他人たにん（特とくに身分みぶんの高たかい人ひと）の妻つま。; 「陸奥むつ（むつ・みちのく）」の略りゃく。	常 4級
奪	大	ダツ [外] タツ	うば.う	うばう。力ちからずくで取とり上あげる。; うしなう。また、うしなわせる。	常 3級
奴	女	ド [外] ヌ	[外] め・やつ・やっこ	召めし使つかい。奴隷どれい。身分みぶんの低ひくい人ひと。; やっこ。武家ぶけに仕つかえた下男げなん。; やつ。あいつ。人ひとを蔑さげすんでいうことば。; め。人ひとや動物どうぶつなどを蔑さげすんでいうことば。	常 4級
如	女	ジョ・ニョ	[外] ごと.し・し.く・も.し・ゆ.く	「ごとし」と読よみ、「～のようだ」「～のようである」の意いを表あらわす。; 「しく」と読よみ、「およぶ」の意いを表あらわす。「不如」の形かたちで「しかず」と読よみ、「およばない」「かなわない」の意いを表あらわす。; 「もし」と読よみ、仮定かてい条件じょうけんの意いを表あらわす。; ゆく。いく。おもむく。	常 3級
妙	女	ミョウ [外] ビョウ	[外] たえ・わか.い	たえ。非常ひじょうに巧たくみですぐれている。; たえ。きわめて美うつくしい。; わかい。年としがわかい。; みょう。普通ふつうでない。不思議ふしぎ。	常 4級
妨	女	ボウ [外] ホウ	さまた.げる	さまたげる。邪魔じゃまをする。; さまたげ。邪魔じゃま。差さし支つかえ。	常 3級
姓	女	ショウ・セイ	[外] かばね	かばね。血筋ちすじや家系かけいを示しめすもの。; 氏うじ（うじ）。職業しょくぎょうや家柄いえがらを示しめすもの。「氏」と「姓」は区別くべつされたが、漢かん代だい以後いごは混同こんどうされ用もちいられるようになった。; かばね。家柄いえがらや世襲せしゅうの官職かんしょくを表あらわした呼よび方かた。	常 4級
姫	女	[外] キ	ひめ	姓せい。黄帝こうていの姓せい。; 姓せい。周しゅう王朝おうちょうの王室おうしつの姓せい。; 女性じょせいの美称びしょう。; ひめ。高貴こうきな女性じょせいの敬称けいしょう。; ひめ。高貴こうきな人ひとの娘むすめ。; ひめ。小ちいさいものや愛あいらしいものなどの意いを表あらわす語ご。	常 3級
威	女	イ	[外] おど.す	おどす。おびやかす。おそれさせる。; いかめしい。おごそか。; いきおい。人ひとを従したがわせる力ちからや品格ひんかく。	常 4級
娘	女	[外] ジョウ・ニョウ	むすめ [外] こ	むすめ。こ。若わかい女性じょせい。未婚みこんの女性じょせい。; むすめ。自分じぶんの子こである女性じょせい。	常 4級
娯	女	ゴ	[外] たの.しむ	たのしむ。たのしみ。遊あそび楽たのしむ。	常 3級
婆	女	バ	[外] ばば	ばば。年老としおいた女おんなの人ひと。; 梵語ぼんごの音訳おんやくに用もちいる字じ。	常 3級
婚	女	コン		夫婦ふうふになる。縁組えんぐみをする。	常 4級
婿	女	セイ	むこ	むこ。娘むすめの夫おっと。	常 3級
嫁	女	カ	とつ.ぐ・よめ	とつぐ。よめにいく。よめいりする。; 罪つみや責任せきにんなどを他人たにんに押おしつける。; よめ。息子むすこの妻つま。	常 3級
嬢	女	ジョウ	[外] むすめ	むすめ。若わかい女性じょせい。; はは。母親ははおや。例れい：爺嬢やじょう; じょう。未婚みこんの若わかい女性じょせいの名なに添そえる敬称けいしょう。	常 3級
孔	子	コウ [外] ク	[外] あな・はなは.だ	あな。すきま。くぼみ。空洞くうどう。; はなはだ。たいへん。非常ひじょうに。; 「孔子こうし」の略りゃく。	常 3級
孤	子	コ	[外] そむ.く・ひと.り・みなしご	みなしご。父親ちちおやまたは両親りょうしんをなくした子こ。; ひとり。ひとつ。ひとりぼっち。または助たすけのないこと。; そむく。好意こういや期待きたいを無むにする。; 王おうや諸侯しょこうが自分じぶんを謙遜けんそんしていうことば。	常 3級
宴	宀	エン	[外] うたげ・たの.しむ	うたげ。さかもり。客人きゃくじんや仲間なかまなどと酒食しゅしょくを共ともにして楽たのしむ。; たのしむ。あそびたのしむ。; くつろぐ。やすらぐ。落おち着つく。	常 3級
寂	宀	ジャク・セキ	さび・さび.しい・さび.れる [外] さ.びる・しず.か	さびしい。さびれる。しずか。音おともなくひっそりとしている。; 仏教ぶっきょうで、人ひとの死しぬことをいう。; さび。閑寂かんじゃくさの中なかにある奥深おくぶかさやおもむき。	常 4級
寝	宀	シン	ね.かす・ね.る [外] みたまや・みにく.い・や.める	ねる。ねかす。ねむる。横よこになる。; へや。奥座敷おくざしき。; やめる。とりやめる。中止ちゅうしする。; みたまや。祖先そせんの霊れいをまつる建物たてもの。; みにくい。姿すがたや態度たいどなどがよくない。	常 4級
審	宀	シン	[外] つまび.らか	つまびらか。詳くわしい。明あきらか。はっきりしている。; つまびらかにする。こまかい点てんまで詳くわしくしらべる。明あきらかにする。	常 3級
寿	寸	ジュ [外] ス	ことぶき [外] いのちなが.し・ことほ.ぐ・とし・ひさ.しい	ひさしい。いのちながし。長なが生いきである。寿命じゅみょうが長ながい。; とし。よわい。年齢ねんれい。; ことぶき。ことほぐ。長命ちょうめいを喜よろこび祝いわう。; ことぶき。ことほぐ。めでたいことを喜よろこび祝いわう。また、その言葉ことば。	常 3級
封	寸	フウ・ホウ	[外] さかい・と.じる・ポンド	ほうずる。領地りょうちを与あたえて領主りょうしゅとする。; 盛もり土ど。また、土つちを盛もる。; さかい。境界きょうかい。土つちを盛もって作つくった境さかい。; 墓はか。土つちを盛もって作つくった墓はか。; ふうずる。とじる。とじこめる。; 手紙てがみ。封ふうをした手紙てがみ。; ポンド。ヤードポンド法ほうの重おもさの単位たんい。一いちポンドは約やく四五四よんひゃくごじゅうよんグラム。「封度」とも書かく。	常 3級
尋	寸	ジン	たず.ねる [外] つね・ひろ	たずねる。問とう。聞ききただす。; たずねる。さがす。求もとめる。; たずねる。訪問ほうもんする。; ついで。あとに引ひき続つづいて。まもなく。; ひろ。長ながさの単位たんい。両手りょうてを左右さゆうに広ひろげた長ながさ。; ひろ。長ながさの単位たんい。一尋いちじんは六尺ろくしゃく。	常 4級
尽	尸	ジン	つ.かす・つ.きる・つ.くす [外] ことごと.く・すが.れる	つきる。つくす。つかす。すべて出だしきる。すべて費ついやす。すっかり無なくなる。; つきる。つくす。おわる。; ことごとく。すべて。みな。全部ぜんぶ。	常 4級
尾	尸	ビ	お	お。しっぽ。; うしろ。おわり。末端まったん。; 動物どうぶつが交尾こうびする。; 二十八宿にじゅうはっしゅくの一ひとつ。あしたれぼし。; 魚さかなを数かぞえる語ご。	常 4級
尿	尸	ニョウ	[外] いばり・しと・ゆばり	いばり。ゆばり。しと。小便しょうべん。小用こよう。	常 3級
屈	尸	クツ	[外] かが.む・くぐ.まる・こご.まる	かがむ。かがめる。まげる。おりまげる。; まげる。主張しゅちょうをまげる。くじける。服従ふくじゅうする。; つよい。丈夫じょうぶ。; くぐまる。こごまる。体からだを曲まげ低ひくめる。	常 4級
岳	山	ガク	たけ	たけ。大おおきな山やま。高たかい山やま。; 妻つまの父母ふぼを敬うやまっていうときに用もちいる語ご。	常 3級
峠	山		とうげ	とうげ。山道やまみちをのぼりつめて、そこから下くだりになる所ところ。上のぼりと下くだりと境目さかいめ。; 勢いきおいが最もっとも盛さかんな時とき。物事ものごとの絶頂ぜっちょう。	常 4級
峡	山	キョウ	[外] はざま	はざま。谷たにあい。山やまと山やまとの間あいだの谷たに。; 山やまと山やまにはさまれた谷たにのように細ほそくせまい所ところ。	常 3級
峰	山	ホウ [外] フ	みね	みね。山やまのいただき。また、大おおきい山やま。; みね。刀かたなの背面はいめん。	常 4級
崩	山	ホウ	くず.す・くず.れる	くずす。くずれる。くずれ落おちる。ばらばらになる。; 天子てんしが死しぬ。お隠かくれになる。	常 3級
巡	巛・川部（巛：まげかわ）辵部（しんにょう・しんにゅう）	ジュン	めぐ.る [外] まわ.る	めぐる。まわる。めぐり歩あるく。まわり歩あるく。; 見みまわる。巡視じゅんしする。; まわる。まわる回数かいすうを数かぞえる語ご。	常 4級
巧	工	コウ	たく.み [外] うま.い・たく.む	たくみ。わざ。技術ぎじゅつ。; たくみ。うまい。上手じょうずなさま。; いつわり。うわべだけを飾かざる。	常 3級
巨	工	キョ [外] コ	[外] おお.い・おお.きい	おおきい。とてもおおきい。; おおい。数かずが多おおい。; なんぞ。どうして。反語はんごの意いを表あらわす。	常 4級
帆	巾	ハン	ほ	ほ。風かぜを受うけて船ふねを進すすませる布ぬの。; ほをあげて船ふねを進すすませる。	常 3級
帝	巾	テイ [外] タイ	[外] みかど	みかど。天子てんし。天下てんかを治おさめる者もの。; 天てんの神かみ。万物ばんぶつを支配しはいする神かみ。	常 3級
帽	巾	ボウ		ぼうし。頭あたまにかぶるぼうし。かぶりもの。; 物ものの上うえからかぶせるもの。	常 4級
幅	巾	フク	はば	はば。物もののはば。物ものの横よこの長ながさ。; はば。布ぬののはば。布ぬのの横よこの長ながさ。; 掛かけ物もの。掛かけ軸じく。また、それを数かぞえる語ご。; はば。威勢いせい。勢いきおい。	常 4級
幻	幺	ゲン	まぼろし [外] まど.わす	まぼろし。実際じっさいには存在そんざいしないが、あるかのように見みえるもの。; まどわす。たぶらかす。だます。	常 3級
幽	幺	ユウ	[外] かす.か・くら.い	かすか。ほのか。; くらい。はっきり見みえない。; 奥おく深ぶかい。物もの静しずか。; あの世よ。死後しごの世界せかい。; 古代こだい中国ちゅうごくの州しゅうの名な。	常 3級
幾	幺	キ	いく [外] きざ.し・こいねが.う・ほとん.ど	「いく」「いくばく」と読よみ、「どれくらい」「どれほど」と程度ていどを問とう意いを表あらわす。; きざし。前兆ぜんちょう。気配けはい。; ほとんど。もう少すこしで。もう少すこしのところで。; こいねがう。ねがう。希望きぼうする。	常 4級
床	广	ショウ	とこ・ゆか	とこ。寝台しんだい。ベット。また、腰こしを掛かける台だい。; とこ。寝ねどこ。; とこ。床屋とこやの略りゃく。; ゆか。家いえの中なかの板いたを張はった所ところ。; ゆかしい。なつかしく感かんじられる。; ゆかしい。おくゆかしい。	常 4級
廉	广	レン	[外] いさぎよ.い・かど・やす.い	いさぎよい。行おこないが正ただしい。心こころが清きよい。; かど。すみ。境目さかいめ。; やすい。価格かかくが安やすい。; かど。問題もんだいとして取とり上あげるべき事項じこう。理由りゆうとなる事柄ことがら。	常 3級
廊	广	ロウ	[外] わたどの	わたどの。建物たてものをつなぐ渡わたり廊下ろうか。; ひさし。正堂せいどうの左右さゆうに作つくられた部屋へや。	常 3級
弐	弋	ニ [外] ジ	[外] ふた・ふた.つ	ふた。ふたつ。＝二; ふたたび。再度さいど。＝二; そむく。うらぎる。ふたごころがある。; そえる。そばにそえる。加くわえる。; 契約けいやく書しょや証書しょうしょなどの文書ぶんしょで数字すうじを表あらわすとき、書かき換かえを防ふせぐために「二」の代かわりに用もちいる文字もじ。大字。; すけ。四等官しとうかんで、大宰府だざいふの第二位だいにい。	常 4級
弧	弓	コ	[外] きゆみ	きゆみ。ゆみ。木きでできた弓ゆみ。; 弓ゆみなりにまがった線せん。; 数学すうがくにおける、円周えんしゅうや曲線きょくせんの一部いちぶ。	常 3級
弾	弓	ダン	たま・はず.む・ひ.く [外] ただ.す・はじ.く・はじ.ける・はず.み	たま。はじき弓ゆみのたま。鉄砲てっぽうなどのたま。; はじく。指先ゆびさきではじく。指先ゆびさきではねのける。; ひく。弦楽器げんがっきをかなでる。; ただす。罪つみや過あやまちを責せめる。; はずむ。ものがはね返かえる。; はずむ。勢いきおいづく。勢いきおいにのる。	常 4級
彩	彡	サイ	いろど.る [外] あや	いろどる。色いろをつける。色いろを配合はいごうする。; いろどり。あや。模様もよう。配色はいしょく。; 姿すがた。様子ようす。	常 4級
彫	彡	チョウ	ほ.る	ほる。える。きざむ。模様もようをほりきざむ。; しぼむ。しおれる。衰おとろえる。＝凋	常 3級
影	彡	エイ [外] ヨウ	かげ	かげ。物体ぶったいが光ひかりをさえぎったときにできる暗くらい部分ぶぶん。; かげ。鏡かがみや水みずなどに映うつる姿すがた。; かげ。人ひとの姿すがた。物ものの形かたち。; かげ。月つきなどが物ものを照てらす光ひかり。	常 4級
彼	彳	ヒ	かの・かれ	かれ。あれ。あの人ひと。あの人ひとたち。向むこうの人ひとや物もの。; かの。あの。向むこう。向むこうの。	常 4級
征	彳	セイ	[外] う.つ・と.る・ゆ.く	ゆく。遠とおい所ところに行いく。旅たびに行いく。; うつ。敵てきや悪人あくにんを討うつ。; とる。奪うばい取とる。取とり立たてる。	常 4級
徐	彳	ジョ	[外] おもむろ	おもむろ。ゆるやか。ゆっくり。おだやか。; 古代こだい中国ちゅうごくの九州きゅうしゅうのひとつ。徐州じょしゅう。	常 3級
御	彳	ギョ・ゴ	おん [外] お・おさ.める・み	おさめる。安定あんていさせる。統治とうちする。; 馬うまや馬車ばしゃを思おもい通どおりに操あやつる。また、その人ひと。; はべる。天子てんしのそばに仕つかえる。; 天子てんし・諸侯しょこうの行おこないや所有しょゆうする物ものにつけて敬意けいいを表あらわすことば。; ふせぐ。ふせぎとめる。まもる。; おん。お。み。ご。相手あいてに関かんすることにつけて敬意けいいを表あらわすことば。; おん。お。み。ご。物ものや動作どうさにつけて丁寧ていねいの意いを表あらわすことば。	常 4級
微	彳	ビ [外] ミ	[外] かす.か	かすか。はっきりしない。はっきり見みえない。; かすか。わずか。小ちいさい。細こまかい。; ひそかに。こっそりと目立めだたないように。; おとろえる。勢いきおいや力ちからがなくなる。; 「なかりせば」と読よみ、「なかったならば」「なかったとしたら」などの意いを表あらわす。; び。数かずの単位たんい。一いちの百万分ひゃくまんぶんの一いち。	常 4級
徴	彳	チョウ [外] チ	[外] しるし・め.す	めす。呼よび出だす。呼よびよせる。; もとめる。要求ようきゅうする。取とり立たてる。; しるし。あかし。証拠しょうこ。; きざし。兆候ちょうこう。; あらわれる。あらわす。表面ひょうめんにでてくる。あきらかになる。; 五音ごいん「宮きゅう・商しょう・角かく・徴ち・羽う」のひとつ。	常 4級
忌	心	キ	い.まわしい・い.む	いむ。いまわしい。にくむ。きらう。; いむ。いやがってさける。; 故人こじんが命いのちを落おとした日ひと同おなじ日付ひづけの日ひ。命日めいにち。	常 3級
忙	心	ボウ [外] モウ	いそが.しい [外] せわ.しい	いそがしい。せわしい。しなければならないことが多おおくて落おち着つかない。せきたてられて休やすむ暇ひまがない。	常 4級
怒	心	ド [外] ヌ	いか.る・おこ.る	いかる。おこる。腹はらを立たてる。; はげしい。勢いきおいがある。; はげむ。気持きもちをふるい起おこす。	常 4級
怖	心	フ	こわ.い [外] お.じける・おそ.れる	こわい。おそれる。おじる。こわがってびくびくする。	常 4級
怠	心	タイ	おこた.る・なま.ける [外] だる.い	おこたる。なまける。気持きもちがゆるむ。	常 3級
怪	心	カイ [外] ケ	あや.しい・あや.しむ	あやしい。不思議ふしぎ。普通ふつうと異ことなる。; あやしむ。疑うたがわしく思おもう。不思議ふしぎに思おもう。; あやしいもの。ふつうでないもの。ばけもの。	常 3級
恋	心	レン	こい・こい.しい・こ.う	こう。こいしい。強つよく心こころを引ひかれる。いつまでも心こころからはなれない。; こい。こいしいと思おもう気持きもち。	常 4級
恐	心	キョウ	おそ.れる・おそ.ろしい [外] こわ.い	おそれる。こわがる。こわいと感かんじる。; おそろしい。こわい。; おどす。おそれさせる。; おそらくは。多分たぶん。きっと。	常 4級
恒	心	コウ	[外] つね・つね.に	つね。変かわらない。一定いっていしている。; つねに。いつも。たえず。; 易えき（エキ）の六十四卦ろくじゅうしけの一ひとつ。; 弦つるを張はった弓ゆみのような月つきの形かたち。	常 4級
恥	心	チ	はじ・は.じらう・は.じる・は.ずかしい	はじる。はじらう。やましく感かんじる。; はじ。はずかしく思おもう気持きもち。; はずかしめる。相手あいてにはじをかかせる。; はずかしい。はじに思おもう。	常 4級
恨	心	コン	うら.む・うら.めしい	うらむ。うらめしい。残念ざんねんに思おもう。にくらしく思おもう。くやしく思おもう。	常 3級
恵	心	エ・ケイ	めぐ.む	めぐむ。めぐみ。情なさけをかける。あわれんで親切しんせつにする。物ものを与あたえる。; おだやか。おだやかなさま。; さとい。かしこい。気きがきく。＝慧	常 4級
悔	心	カイ [外] ケ	く.いる・くや.しい・く.やむ	くいる。くやむ。自分じぶんのした間違まちがいや失敗しっぱいに気きづき、残念ざんねんがったり反省はんせいしたりする。; くい。残念ざんねんに思おもう気持きもち。; くやみ。くやむ。人ひとの死しを悲かなしみいたむ。; くやしい。残念ざんねんである。	常 3級
悟	心	ゴ	さと.る	さとる。物事ものごとをはっきりと理解りかいする。; さとる。迷まよいからさめる。; さめる。目覚めざめる。眠ねむりからさめる。	常 3級
悦	心	エツ	[外] よろこ.ぶ	よろこぶ。楽たのしむ。	常 3級
悩	心	ノウ [外] ドウ	なや.ます・なや.む	なやむ。なやます。思おもいわずらう。あれこれと心こころをなやます。	常 4級
惑	心	ワク [外] コク	まど.う	まどう。心こころが乱みだれて判断はんだんが難むずしくなる。; まどわす。心こころを乱みだして冷静れいせいな判断はんだんができないようにする。	常 4級
惜	心	セキ [外] シャク	お.しい・お.しむ	おしい。もったいない。残念ざんねんだ。; おしむ。残念ざんねんに思おもう。もったいないと思おもう。また、大切たいせつにする。	常 3級
惨	心	サン・ザン	みじ.め [外] いた.ましい・いた.む・むご.い	みじめ。いたましい。むごい。見みるにたえないほどひどい。; いたむ。いたみ悲かなしむ。いたましい思おもいをする。	常 4級
愚	心	グ	おろ.か	おろか。頭あたまの働はたらきがにぶい。; おろかな人ひと。つまらない人ひと。; ばかにする。見下みくだす。見みさげる。; 自分じぶんに関かんすることをへりくだっていうことば。	常 3級
慈	心	ジ	いつく.しむ	いつくしむ。かわいがる。大切たいせつにする。親おやが子こを大事だいじに育そだてるような深ふかい愛情あいじょうをもって接せっする。; 情なさけ深ふかい。また、情なさけをかける。; 母はは。母親ははおや。父ちちのことは「厳」という。	常 3級
慌	心	コウ	あわ.ただしい・あわ.てる	あわただしい。せわしくて落おち着つかない。; あわてる。冷静れいせいさを失うしなって、うろたえる。; ほのか。ぼんやりする。	常 3級
慎	心	シン [外] ジン	つつし.む [外] つつま.しい・つつま.しやか	つつしむ。気きをつける。念ねんを入いれる。; つつましい。控ひかえめで落おち着ついているさま。; つつましい。質素しっそなさま。; つつましやか。しとやかなさま。	常 4級
慕	心	ボ	した.う [外] しの.ぶ	したう。思おもいをよせる。こいしく思おもう。; しのぶ。なつかしむ。思おもいしたう。	常 3級
慢	心	マン [外] バン	[外] あなど.る・おこた.る・おご.る	おこたる。なまける。いいかげんにする。; あなどる。軽かるくみる。見下みくだす。; おごる。おごりたかぶる。思おもい上あがる。; ゆるい。ゆるやか。ゆっくり。; おそい。だらだらと長引ながびく。	常 4級
慨	心	ガイ [外] カイ	[外] いきどお.る・なげ.く	なげく。なげいて、ため息いきをつく。; いきどおる。腹はらを立たてる。	常 3級
慮	心	リョ	[外] おもんぱか.る	おもんぱかる。あれこれと考かんがえる。思おもいめぐらす。; おもんぱかる。くわだてる。計画けいかくする。; おもんぱかり。思おもいめぐらした考かんがえ。; おもんぱかり。くわだて。計画けいかく。	常 4級
慰	心	イ	なぐさ.む・なぐさ.める	なぐさめる。悲かなしみや苦くるしみなどをいたわり、心こころを安やすらかにさせる。; なぐさむ。気きが晴はれる。心こころがおだやかになる。; なぐさむ。もてあそぶ。	常 3級
憂	心	ユウ	うれ.い・うれ.える・う.い	うれえる。心配しんぱいする。あれこれ考かんがえて悩なやむ。; うれい。心配しんぱいごと。悩なやみ。; 喪も。父母ふぼの喪も。; うい。つらい。苦くるしい。せつない。	常 3級
憎	心	ゾウ [外] ソウ	にく.い・にく.しみ・にく.む・にく.らしい	にくむ。きらう。不快ふかいに思おもい嫌いやがる。; にくしみ。にくみ嫌きらう気持きもち。; にくい。にくらしい。ねたましいほどすぐれている。	常 3級
憩	心	ケイ	いこ.い・いこ.う	いこう。やすむ。くつろぐ。からだを休やすめる。	常 3級
憶	心	オク	[外] おぼ.える・おも.う	おもう。思おもい出だす。思おもい起おこす。; おぼえる。忘わすれないようにする。心こころにとめる。	常 4級
戒	戈	カイ	いまし.める	いましめる。備そなえる。用心ようじんする。; いましめる。さとす。注意ちゅういを与あたえる。; いましめる。禁きんずる。禁止きんしする。; いましめ。注意ちゅういすべき事柄ことがら。避さけるべき事柄ことがら。	常 4級
戯	戈	ギ [外] ゲ	たわむ.れる [外] ざ.れる・たわ.ける	たわむれる。ふざける。おどける。; たわむれ。冗談じょうだん。遊あそび。; 芝居しばい。演技えんぎ。演劇えんげき。; ざれる。ふざける。; たわける。ふざけたことをする。ばかげたことをする。	常 4級
房	戶	ボウ [外] ホウ	ふさ [外] いえ・へや	へや。母屋おもやの両りょうわきにある小ちいさな部屋へや。; いえ。住すまい。住居じゅうきょ。; 内側うちがわが小部屋こべや状じょうにくぎられた形かたちをしたもの。; 二十八宿にじゅうはっしゅくの一ひとつ。そいぼし。; ふさ。糸いとを束たばねて、その先さきをばらばらに散ちらしたもの。; ふさ。花はなや実みなどがたくさん群むらがってついたもの。	常 3級
扇	戶	セン	おうぎ [外] あお.ぐ・おだ.てる	おうぎ。うちわ。あおいで風かぜをおこす道具どうぐ。; とびら。門もんのとびら。; あおぐ。おうぎやうちわなどで風かぜをおこす。; おだてる。あおる。＝煽	常 4級
払	手	フツ [外] ヒツ	はら.う	はらう。はらいのける。; はらう。ふく。なでる。; さからう。もとる。そむく。; たすける。たすけ。補佐ほさする。＝弼; はらう。はらい。代金だいきんを渡わたす。	常 4級
扱	手	[外] ソウ・キュウ	あつか.う [外] こ.く・しご.く	はさむ。さしはさむ。さしこむ。; おさめる。一ひとつに集あつめる。; およぶ。いたる。とどく。; あつかう。機械きかいなどを操作そうさする。; あつかう。物事ものごとを処理しょりする。; こく。しごく。	常 4級
抑	手	ヨク	おさ.える [外] そもそも・ふさ.ぐ	おさえる。おさえつける。; ふさぐ。気持きもちが晴はれない。; 「そもそも」と読よみ、「あるいは」「それとも」などと選択せんたくの意いを表あらわす。; 「そもそも」と読よみ、「しかしながら」「けれども」「とはいえ」「さて」「いったい」などと話題わだいを転換てんかんする意いを表あらわす。	常 3級
抗	手	コウ	[外] あらが.う・こば.む・はりあ.う・ふせ.ぐ	ふせぐ。こばむ。あらがう。; あげる。もちあげる。高たかくあげる。; はりあう。あたる。対等たいとうにはりあう。対等たいとうに接せっする。	常 4級
抜	手	バツ	ぬ.かす・ぬ.かる・ぬ.く・ぬ.ける	ぬく。ぬける。引ひきぬく。ぬき出だす。; ぬく。攻せめ落おとす。攻せめ取とる。; ぬける。ぬきんでる。; ぬく。ぬかす。ぬける。間あいだを飛とばす。省略しょうりゃくする。漏もらす。; ぬかる。大事だいじなことに気きづかずに失敗しっぱいする。また、油断ゆだんして失敗しっぱいする。	常 4級
択	手	タク	[外] えら.ぶ・よ.る	えらぶ。よる。適てきしたものをえらびとる。; えらぶ。区別くべつする。選別せんべつする。	常 3級
抱	手	ホウ	いだ.く・かか.える・だ.く	だく。いだく。かかえる。両手りょうてでだきかかえる。; いだく。心こころにいだく。思おもいや考かんがえをもつ。; かかえる。人ひとを雇やとう。	常 4級
抵	手	テイ [外] シ	[外] あ.たる・う.つ・ふ.れる	おす。おしのける。; あたる。ふれる。さわる。; あたる。相当そうとうする。釣つり合あう。; こばむ。さからう。てむかう。; いたる。届とどく。達たっする。; うつ。たたく。	常 4級
押	手	オウ	お.さえる・お.す	おす。おさえる。おしつける。; おさえる。物品ぶっぴんをおさえる。抵当ていとうに入いれる。; かきはん。署名しょめい。また、署名しょめいの代かわりに用もちいる記号きごう。; おし。圧力あつりょく。無理むりにでも自分じぶんの主張しゅちょうを通とおそうとする力ちから。	常 4級
抽	手	チュウ	[外] ぬ.く・ひ.く	ぬく。ひく。ぬき出だす。ひき出だす。; ぬく。ぬき取とる。取とり除のぞく。	常 3級
拍	手	ハク・ヒョウ	[外] う.つ	うつ。手てをたたく。; ひょうし。音楽おんがくのリズムを形成けいせいするもの。	常 4級
拓	手	タク [外] セキ	[外] ひら.く	ひらく。きりひらく。ひろげる。; 手てで押おす。また、持もち上あげる。; 石いしずり。石碑せきひなどに刻きざまれた文字もじに紙かみなどをあてて写うつしとったもの。; ひろう。手てでひろう。	常 4級
拘	手	コウ	[外] かか.わる・こだわ.る・とど.める・とら.える	とらえる。とどめる。つかまえてとどめておく。; かかわる。こだわる。関係かんけいする。また、気持きもちがとらわれる。	常 3級
拠	手	キョ・コ	[外] よりどころ・よ.る	よる。たよる。たよりにする。すがる。; よりどころ。あかし。たよりとする所ところ。	常 4級
振	手	シン	ふ.る・ふ.るう・ふ.れる [外] すく.う	ふる。ふるう。ゆり動うごかす。ふり動うごかす。; ふるう。ふるいたつ。ふるいおこす。; すくう。たすける。; 「振振しんしん」は、さかんなさま。また、鳥とりなどが群むれをなして飛とぶさま。; ふり。ふるまい。動作どうさ。; ふり。刀剣とうけんを数かぞえることば。; ふる。わりふる。わりあてる。	常 4級
捕	手	ホ [外] ブ	つか.まえる・つか.まる・と.らえる・と.らわれる・と.る	とらえる。つかまえる。とる。逃にげているものや罪人ざいにんなどをつかまえる。	常 4級
掃	手	ソウ	は.く [外] はら.う	はく。はらう。ほうきではいてきれいにする。; はらう。はらい除のぞく。取とり除のぞく。	常 3級
掌	手	ショウ	[外] たなごころ・つかさど.る・てのひら	たなごころ。てのひら。; つかさどる。役目やくめを担になう。管理かんりする。	常 3級
排	手	ハイ	[外] おしの.ける・つら.ねる	おしのける。とりのぞく。しりぞける。; おしひらく。おしてあける。ひらく。; つらねる。ならべる。	常 3級
掘	手	クツ	ほ.る	ほる。穴あなをほる。穴あなをあける。; つよい。芯しんが強つよい。強情ごうじょう。＝倔	常 4級
掛	手	[外] カ・カイ・ケ	かかり・か.かる・か.ける	かける。かかる。ひっかける。たれさげる。ぶらさげる。＝挂; かける。かけ算ざんをする。; かける。かかる。時間じかんや労力ろうりょくなどを必要ひつようとする。費ついやす。; かかり。受うけ持もち。担当たんとう。	常 3級
控	手	コウ	ひか.える [外] つ.げる・のぞ.く	ひく。手前てまえにひく。後うしろにひっぱる。; ひかえる。ひき止とめる。押おしとどめる。; つげる。うったえる。; ひかえる。やめる。中止ちゅうしする。; ひかえる。ひかえめにする。少すくなめにする。; ひかえる。備そなえて待まつ。; ひかえ。写うつし。覚おぼえ書がき。; ひかえ。備そなえ。予備よび。	常 3級
措	手	ソ [外] サク	[外] お.く・はか.らう	おく。すえる。場所ばしょを定さだめて置おく。; おく。ほうっておく。そのままの状態じょうたいにしておく。; はからう。処置しょちする。手てを下くだす。; はさむ。はさんでつぶす。	常 3級
掲	手	ケイ	かか.げる	かかげる。高たかくあげる。; かかげる。目立めだつようにする。; かかげる。すそを持もち上あげる。	常 3級
描	手	ビョウ	えが.く・か.く	えがく。かく。絵えや文章ぶんしょうをかく。えがき出だす。写うつしえがく。	常 4級
揚	手	ヨウ	あ.がる・あ.げる	あげる。あがる。高たかくあげる。高たかくあがる。; あげる。示しめす。明あきらかにする。; 古代こだい中国ちゅうごくの九州きゅうしゅうのひとつ。揚州ようしゅう。; あげる。食たべ物ものを油あぶらであげる。	常 3級
換	手	カン	か.える・か.わる	かえる。取とりかえる。入いれかえる。; かわる。入いれかわる。	常 3級
握	手	アク	にぎ.る	にぎる。つかむ。にぎりしめる。; にぎる。手中しゅちゅうにおさめる。自分じぶんのものにする。; にぎり。容量ようりょうの単位たんい。ひとにぎりの量りょう。; にぎり。長ながさの単位たんい。にぎりこぶしの幅はば。	常 4級
援	手	エン	[外] たす.ける・ひ.く	たすける。手てをさしのべてたすける。; ひく。ひっぱる。引ひき上あげる。	常 4級
揺	手	ヨウ	ゆ.さぶる・ゆ.すぶる・ゆ.する・ゆ.らぐ・ゆ.る・ゆ.るぐ・ゆ.れる	ゆれる。ゆらぐ。ゆるぐ。ゆれ動うごく。ゆらゆらと動うごく。; ゆする。ゆすぶる。ゆさぶる。ゆる。ゆり動うごかす。ゆすって動うごかす。	常 3級
搬	手	ハン	[外] はこ.ぶ	はこぶ。うつす。別べつの場所ばしょに運はこんで移動いどうさせる。	常 4級
携	手	ケイ	たずさ.える・たずさ.わる [外] はな.れる	たずさえる。手てにさげる。また、身みにつける。; たずさえる。連つれ立だつ。引ひき連つれる。; はなれる。そむく。さからう。; たずさわる。関かかわる。関係かんけいする。	常 3級
搾	手	サク	しぼ.る	しぼる。しめつけて、しぼりとる。	常 3級
摂	手	セツ [外] ショウ	[外] か.ねる・か.わる・と.る	とる。おさめる。取とり入いれる。; とる。持もつ。手てに持もつ。; かねる。かけもつ。あわせもつ。; かわる。代行だいこうする。代理だいりをつとめる。; はさまる。はさまれる。	常 3級
摘	手	テキ	つ.む [外] つま.む	つむ。つまむ。つまんで取とる。; 選えらび出だす。選えらんで抜ぬき出だす。; あばき出だす。つまみ出だす。	常 4級
撃	手	ゲキ [外] ケキ	う.つ	うつ。強つよくうつ。強つよくたたく。; うつ。敵てきを攻撃こうげきする。敵てきと戦たたかう。; うつ。弾丸だんがんなどをうち出だす。うち当あてる。	常 4級
撮	手	サツ	と.る [外] つま.む	つまむ。指ゆびの先さきでつまむ。また、指先ゆびさきでつまめるほどのわずかな量りょう。; とる。つまみとる。抜ぬきとる。; 容量ようりょうの単位たんい。一升いっしょうの千分せんぶんの一いち。; とる。写真しゃしんをとる。映画えいがをとる。	常 3級
擁	手	ヨウ	[外] いだ.く・だ.く・まも.る	いだく。だく。両手りょうてでだきかかえる。; まもる。かばいまもる。たすける。	常 3級
擦	手	サツ	す.る・す.れる [外] かす.れる・こす.る・さす.る・なす.る	する。こする。さする。こすりあわせる。; すれる。こすれる。; なする。こすってつける。なすりつける。	常 3級
攻	攴	コウ	せ.める [外] おさ.める・みが.く	せめる。敵てきをうつ。攻撃こうげきする。; せめる。とがめる。なじる。; おさめる。みがく。玉たまをみがく。転てんじて、学まなんだり研究けんきゅうしたりする。	常 4級
敏	攴	ビン	[外] さと.い・と.し	とし。はやい。動うごきがすばやい。; さとい。かしこい。頭あたまのはたらきがよい。	常 4級
敢	攴	カン	[外] あ.えて	「あえて」と読よみ、「思おもい切きって～する」「押おし切きって～する」などの意いを表あらわす。; 「不敢～」の形かたちで、「あえて～せず」と読よみ、「すすんで～はしない」「決けっして～しない」などの意いを表あらわす。; 「敢不～」の形かたちで、「あえて～せざらんや」と読よみ、「どうして～しないことがあろうか」「どうして～せずにいられようか」などと反語はんごの意いを表あらわす。	常 3級
敷	攴	フ	し.く	しく。ひろげる。おしひろげる。; しく。平たいらにひろげてのばす。また、すみずみまで行いき渡わたらせる。; のべる。ならべる。つらねる。; しく。物ものをのせるために下したにひろげる。; しき。しきもののこと。	常 4級
斗	斗	ト [外] トウ	[外] ひしゃく・ます	ひしゃく。水みずや酒さけなどをすくうための道具どうぐ。また、液体えきたいや穀物こくもつの量りょうをはかるます。; 容量ようりょうの単位たんい。一斗いっとは十升じっしょう。周代しゅうだいでは約やく一いち・九四きゅうよんリットル。日本にほんでは約やく十八じゅうはちリットル。; 星座せいざの名な。南斗なんと。北斗ほくと。; ちいさい。すくない。わずか。; たちまち。にわかに。急きゅうに。	常 3級
斜	斗	シャ	なな.め [外] はす	ななめ。はす。かたむき。かたむく。	常 4級
斤	斤	キン	[外] おの	おの。木きを切きるおの。; 重おもさの単位たんい。一斤いっきんは十六両じゅうろくりょう。; 「斤斤きんきん」は、細こまかいところまではっきりしているさま。; 重おもさの単位たんい。一斤いっきんは百六〇ひゃくろくじゅう匁もんめ（六〇〇ろっぴゃくグラム）。	常 3級
斥	斤	セキ	[外] うかが.う・しりぞ.ける	しりぞける。おしのける。引ひき下さがらせる。; うかがう。様子ようすをひそかにさぐる。; さす。指ゆびさす。さし示しめす。	常 3級
施	方	シ・セ	ほどこ.す [外] し.く	ほどこす。おこなう。実行じっこうする。; ほどこす。もうける。; ほどこす。めぐむ。めぐみあたえる。; しく。広ひろく行ゆき渡わたらせる。	常 3級
既	无	キ	すで.に	すでに。もう。もはや。とっくに。; つきる。つくす。	常 3級
旨	日	シ	むね [外] うま.い	うまい。おいしい。味あじがよい。; むね。考かんがえ。意向いこう。意図いと。; 天子てんしの意向いこう。命令めいれい。	常 4級
旬	日	シュン・ジュン		十日じゅうにち。十日間とおかかん。例れい：上旬じょうじゅん 下旬げじゅん; 十年じゅうねん。例れい：七旬しちじゅん（七十ななじゅっ歳さい）; あまねし。ゆきわたる。みちる。; しゅん。魚さかなや野菜やさいなどの味あじが最もっともよい時期じき。	常 4級
昇	日	ショウ	のぼ.る	のぼる。上うえにあがる。高たかい所ところにのぼる。	常 3級
是	日	ゼ [外] シ	[外] こ.の・これ・ただ.しい	ただしい。誤あやまりがない。また、正ただしいと考かんがえる。正ただしいと見みなす。; 「これ」「この」「ここ」と読よみ、人ひと・物もの・事ことなどを指さし示しめす意いを表あらわす。; 「これ」と読よみ、「～だ」「～である」などの意いを表あらわす。; 「如是」「若是」の形かたちで、「かくのごとし」「かくのごとくんば」と読よみ、「このようである」「このようであるならば」などの意いを表あらわす。	常 4級
普	日	フ	[外] あまね.く	あまねく。あまねし。広ひろく行ゆきわたる。	常 4級
晶	日	ショウ	[外] あき.らか	あきらか。明あかるく輝かがやく。光ひかり輝かがやく。; 「水晶すいしょう」は鉱石こうせきの名な。	常 3級
暇	日	カ	ひま [外] いとま	ひま。いとま。やすみ。仕事しごとや用事ようじなどがないとき。; ゆっくりする。のんびりする。	常 4級
暦	日	レキ [外] リャク	こよみ	こよみ。天体てんたいの運行うんこうをもとに、季節きせつや月日がっぴなどを定さだめる方法ほうほう。また、それを記しるしたもの。; めぐりあわせ。まわりあわせ。運命うんめい。	常 4級
暫	日	ザン	[外] しば.し・しばら.く	しばらく。少すこしの間あいだ。わずかの間あいだ。; しばらく。一時いちじ的てきに。仮かりに。; しばらく。久ひさしぶり。ある程度ていど長ながい間あいだ。	常 3級
曇	日	ドン [外] タン	くも.る	くもる。くもり。空そらに雲くもがおおい。; くもる。光ひかっていた物ものからつやがなくなる。; くもる。表情ひょうじょうが暗くらくなる。	常 4級
更	曰	コウ	さら・ふ.かす・ふ.ける [外] あらた.める・か.える	あらためる。かえる。とりかえる。新あたらしいものにする。; こもごも。かわるがわる。たがいに。; へる。通とおり過すぎる。経験けいけんする。; 一夜いちや（日没にちぼつから日ひの出でまで）を五等分ごとうぶんした時間じかんの単位たんい。また、それぞれの時刻じこく。初更しょこう・二更にこう・三更さんこう・四更しこう・五更ごこう。; さらに。その上うえに。; さらに。決けっして。全まったく。; さら。新あたらしい。; ふける。夜よがふかまる。	常 4級
替	曰	タイ [外] テイ	か.える・か.わる	かわる。かえる。入いれかわる。とりかえる。他ほかのものにかえる。; すたれる。おとろえる。だめになる。	常 4級
朱	木	シュ [外] ス	[外] あか・あか.い・あけ	あか。あけ。あかい。黄色きいろがかった赤色あかいろ。; 江戸えど時代じだいの貨幣かへいの単位たんい。一両いちりょうの十六じゅうろく分ぶんの一いち。＝銖	常 4級
朽	木	キュウ	く.ちる [外] すた.れる	くちる。木きなどが腐くさる。; くちる。すたれる。ほろびる。だめになる。	常 4級
杯	木	ハイ	さかずき	さかずき。酒さけを飲のむためのうつわ。; 容器ようきに入いれた液体えきたいなどを数かぞえることば。	常 4級
枯	木	コ	か.らす・か.れる [外] から.びる	かれる。ひからびる。水分すいぶんがなくなる。; かれる。おとろえる。生気せいきがなくなる。; くちはてる。ぼろぼろになる。また、死しぬ。	常 4級
架	木	カ	か.かる・か.ける [外] たな	たな。板いたなどを水平すいへいにかけ渡わたして、物ものをのせたりかけたりする台だい。; かける。かけ渡わたす。	常 3級
柄	木	ヘイ	え・がら [外] いきお.い・つか	え。取とっ手て。手てでにぎる部分ぶぶん。; つか。刀剣とうけんや弓ゆみなどのにぎる部分ぶぶん。; いきおい。強つよい力ちから。権力けんりょく。; がら。品位ひんい。品格ひんかく。; がら。体格たいかく。体からだつき。; がら。模様もよう。	常 4級
某	木	ボウ [外] バイ	[外] それがし・なにがし	それがし。なにがし。人ひとの名な・物事ものごと・時間じかん・場所ばしょなどがはっきりしない、またわざとぼかしていうときに用もちいることば。; それがし。自分じぶんのことをへりくだっていうことば。; うめ。＝梅	常 3級
柔	木	ジュウ・ニュウ	やわ.らか・やわ.らかい [外] やさ.しい・やわ.らげる	やわらかい。やわらか。しなやか。しとやか。おだやか。; やわらげる。なごやかにする。おだやかにする。; やわら。柔術じゅうじゅつ・柔道じゅうどうのこと。	常 4級
桃	木	トウ	もも	もも。バラ科かの落葉らくよう小高木しょうこうぼく。夏なつに果実かじつを実みのらせる。	常 4級
桑	木	ソウ	くわ	くわ。クワ科かの落葉らくよう高木こうぼく。葉はは蚕かいこの飼料しりょうとなる。	常 3級
棄	木	キ	[外] す.てる	すてる。ほうる。なげすてる。; すてる。やめる。しりぞける。	常 3級
棋	木	キ [外] ゴ		将棋しょうぎや囲碁いごなど、駒こまを使つかって競きそうもの。また、将棋しょうぎの駒こまや碁石ごいし。	常 3級
楼	木	ロウ	[外] たかどの・やぐら	たかどの。高層こうそうの建物たてもの。; やぐら。ものみやぐら。	常 3級
概	木	ガイ [外] カイ	[外] おおむ.ね	おおむね。おおよそ。あらまし。; とかき。ますに入いれた穀物こくもつを平たいらにならす棒ぼう。; おもむき。様子ようす。	常 3級
欄	木	ラン	[外] おばしま・おり・てすり・わく	てすり。おばしま。橋はしや階段かいだんなどから人ひとが落おちるのを防ふせぐ横木よこぎ。; おり。獣けものを閉とじ込こめておく所ところ。; わく。しきり。さかい。	常 4級
欧	欠	オウ	[外] は.く	はく。口くちから物ものを吐はく。吐はきもどす。＝嘔; なぐる。うつ。たたく。＝殴; うたう。歌うたをうたう。＝謳; 「欧羅巴よーろっぱ（ヨーロッパ）」の略りゃく。	常 3級
欺	欠	ギ [外] キ	あざむ.く	あざむく。だます。たぶらかす。; あなどる。ばかにする。みくびる。	常 3級
歓	欠	カン	[外] よろこ.ぶ	よろこぶ。たのしむ。喜よろこび楽たのしむ。; 親したしくなる。仲良なかよくなる。	常 4級
歳	止	サイ・セイ	[外] とし・とせ・よわい	とし。一年いちねん。; とし。よわい。年齢ねんれい。; みのり。作物さくもつのみのり。; 星ほしの名な。木星もくせい。木星もくせいは約やく十二じゅうに年ねんで天てんを一周いっしゅうし、その軌道きどうを十二じゅうに等分とうぶんした十二次じゅうにじを一年いちねんに一次いちじずつ進すすむことから「歳星さいせい」と呼よばれた。	常 4級
殊	歹	シュ	こと	ころす。死しぬ。死刑しけいにする。; たつ。断たち切きる。切きり離はなす。; ことなる。普通ふつうと違ちがう。同おなじでない。; わける。別べつにする。区別くべつする。; ことに。とりわけ。特とくに。特別とくべつに。	常 3級
殖	歹	ショク	ふ.える・ふ.やす	ふえる。ふやす。動植物どうしょくぶつがふえる。そだつ。また、財産ざいさんなどがふえる。; うえる。草木くさきをうえつける。＝植	常 4級
殴	殳	オウ	なぐ.る [外] う.つ・たた.く	なぐる。うつ。たたく。むちや杖つえなどでうつ。なぐりうつ。	常 3級
殿	殳	テン・デン	との・どの [外] しんがり	との。大おおきな建物たてもの。また、天子てんしや貴族きぞくなどの住すまい。; しんがり。軍隊ぐんたいの退却たいきゃく時じ、最後尾さいこうびで敵てきの追撃ついげきを防ふせぐこと。また、その部隊ぶたい。; との。主君しゅくんや貴人きじんの敬称けいしょう。; どの。他人たにんの姓名せいめいの下したにつけて敬意けいいをあらわすことば。	常 4級
汗	水	カン	あせ	あせ。あせする。あせをかく。あせを出だす。; 「可汗かかん（かかん・こくかん）」はモンゴル・トルコ系けい遊牧民ゆうぼくみんの君主くんしゅの尊称そんしょう。	常 4級
汚	水	オ	きたな.い・よご.す・よご.れる・けが.す・けが.らわしい・けが.れる	きたない。よごれた。けがらわしい。きたならしい。; けがれ。よごれ。不正ふせい。恥はじ。恥辱ちじょく。; けがれる。けがす。よごれる。よごす。; 低ひくい。地位ちいや土地とちが低ひくい。くぼ地ち。	常 4級
沈	水	チン [外] ジン	しず.む・しず.める	しずむ。しずめる。深入ふかいりする。水中すいちゅうに深ふかく入はいる。; 気きがしずむ。気きがふさがる。落oち込こむ。思おもいにしずむ。; しずか。ものしずか。落おち着ついている。; とどまる。とどこおる。	常 4級
没	水	ボツ [外] モツ	[外] おぼ.れる・しず.む・し.ぬ・な.い	しずむ。水中すいちゅうにしずむ。; なくなる。なくす。隠かくれる。隠かくす。; しぬ。終おわる。; ない。なくなる。存在そんざいしない。	常 3級
沢	水	タク	さわ [外] うるお.う・つや	さわ。水みずが浅あさくたまっているところ。草木くさきの茂しげった湿地帯しっちたい。; つや。かがやき。ひかり。つやつやしい。つやがある。; うるおう。うるおす。ぬらす。めぐむ。なさけ。; こする。もむ。	常 4級
沼	水	ショウ	ぬま	ぬま。泥どろが深ふかい池いけ。	常 4級
況	水	キョウ	[外] ありさま・いわ.んや	たとえる。くらべる。くらべあわせる。; ありさま。おもむき。ようす。ものごとの様子ようす。; さらに。ますます。いよいよ。; 「いわんや」と読よみ、「まして・・・は言いうまでもない」の意い。	常 4級
泊	水	ハク	と.まる・と.める	とまる。宿やどなどにとまる。また、その回数かいすう。; とまる。とめる。船ふねがとまる。船ふねをとめる。船ふねを岸きしにつける。; あっさりしているさま。さっぱりしているさま。欲よくのないさま。例れい：淡泊たんぱく; 浅あさい沼ぬまや沢さわ、または湖みずうみ。	常 4級
泌	水	ヒツ・ヒ	[外] にじ.む	にじむ。にじみでる。絞しぼり出でる。狭せまい隙間すきまからわいて出でる。; 川かわの流ながれ。細ほそくはやい流ながれ。	常 3級
浜	水	ヒン [外] ヒョウ・ホウ	はま	はま。みぎわ。なぎさ。ほとり。水みずぎわ。; かぎり。辺境へんきょうの地ち。地ちの果はて。; ぎりぎりまでせまる。接せっする。近ちかづく。; そう。水辺みずべにそう。; 「横浜よこはま（よこはま）」の略りゃく。; 船ふねを通行つうこうさせるための水溝すいこう。	常 4級
浪	水	ロウ [外] ラン	[外] なみ・みだ.りに	なみ。おおなみ。波なみの総称そうしょう。また、波なみのようなもののこと。; 波なみのように気きままにする。よりどころのないさま。; むやみに。みだりに。やたらに。無駄むだに。ほしいままに。	常 3級
浮	水	フ [外] ブ・フウ	う.かぶ・う.かべる・う.かれる・う.く	うく。うかぶ。うかべる。水面すいめんや空中くうちゅうにただよう。船ふねをうかべて水上すいじょうを進すすむ。; うわつく。落おち着つきがない。よりどころがない。定さだまっていない。; すぎる。度どをすぎる。限度げんどをこえる。; うわついた。軽々かるがるしい。うわべだけの。; うく。うかぶ。余あまりが出でる。; うかれる。陽気ようきになる。	常 4級
浸	水	シン	ひた.す・ひた.る [外] し.みる・つ.かる・つ.く	ひたす。ひたる。水みずなどにつかる。; しみる。水みずがしみこむ。じわじわとしみこむ。; やや。ようやく。次第しだいに。少すこしずつ。; そそぐ。洗あらう。水みずをかける。	常 4級
涙	水	ルイ	なみだ	なみだ。; なみだを流ながす。泣なく。	常 4級
淡	水	タン	あわ.い [外] うす.い	あわい。うすい。色いろがうすい。味あじがうすい。; こだわらない。あっさりしている。執着しゅうちゃくがない。欲望よくぼうが少すくない。; 塩分えんぶんを含ふくまない。塩気しおけのない。; 地名ちめいまたは旧きゅう国名こくめい「淡路あわじ」の略りゃく。	常 4級
添	水	テン	そ.う・そ.える	そえる。付つけ足たす。付つけ加くわえる。; そう。つきそう。夫婦ふうふになってつれそう。	常 4級
渡	水	ト	わた.す・わた.る	わたる。わたす。川かわや海うみを船ふねでわたる。; 経へる。通とおる。過すぎる。; わたし。わたり。わたし場ば。; わたす。授さずける。届とどける。	常 4級
湾	水	ワン	[外] いりえ	入いり江え。入いり海うみ。; 曲まがる。弓ゆみなりに曲まがる。曲線きょくせんをなす。入はいりこむ。	常 3級
湿	水	シツ	しめ.す・しめ.る [外] うるお.い・うるお.す	しめす。しめる。うるおす。うるおう。; じめじめしている。水気みずけを帯おびている。	常 3級
溶	水	ヨウ	と.かす・と.く・と.ける	とける。とかす。固体こたいの物ものが液体えきたいになる。また、液体えきたいの中なかにとけこむ。; 水みずの流ながれがさかんなさま。; ゆったりと広ひろいさま。安やすらかなさま。	常 4級
滅	水	メツ [外] ベツ	ほろ.びる・ほろ.ぼす	ほろびる。ほろぼす。なくなる。失うしなう。; 消きえる。火ひや明あかりが消きえる。光ひかりがなくなる。; 高僧こうそうや仏ほとけが死しぬ。	常 3級
滑	水	カツ・コツ	すべ.る・なめ.らか [外] ぬめ.る	なめらか。つるつるしている。すべすべしている。すべる。ぬめる。; 物事ものごとがとどこおりなく進すすむ。つっかえずに進すすむ。; ずるい。; 乱みだす。乱みだれる。; すべる。失敗しっぱいする。うっかりと口外こうがいする。	常 3級
滝	水	[外] ロウ	たき	早瀬はやせ。急流きゅうりゅう。; たき。高所こうしょから激はげしく落下らっかする水流すいりゅう。	常 3級
滞	水	タイ	とどこお.る	とどこおる。物事ものごとが進すすまない。はかどらない。; とどこおる。止とまる。動うごかない。一箇所いっかしょにとどまる。; こる。こり固かたまる。	常 3級
滴	水	テキ	しずく・したた.る [外] た.れる	しずく。したたり。; したたる。垂たれる。しずくが垂たれ落おちる。しずくとなって落おちる。; しずくを数かぞえることば。	常 4級
漂	水	ヒョウ	ただよ.う [外] さら.す	ただよう。さまよう。さすらう。; 風かぜがふきつける。つむじ風かぜが巻まき上あがる。ひるがえる。; さらす。水みずにさらす。水みずで布ぬのや綿わたを白しろくする。	常 3級
漏	水	ロウ	も.らす・も.る・も.れる	もる。もれる。もらす。水みずや光ひかりなどがすきまからもれ出でる。また、秘密ひみつが外そとに知しられる。; 抜ぬけ落おちる。取とりこぼす。忘わすれる。手抜てぬかりがある。; 水時計みずどけい。; 煩悩ぼんのう。	常 3級
漫	水	マン [外] バン	[外] そぞ.ろに・みだ.りに	満みちる。はびこる。充満じゅうまんする。みなぎる。一面いちめんに広ひろくゆきわたる。; みだりに。むやみに。そぞろに。とりとめがないさま。; そぞろ。そぞろに。なんとなく。なんとなしに。とりとめなく。	常 4級
潜	水	セン	ひそ.む・もぐ.る [外] くぐ.る	もぐる。くぐる。水中すいちゅうにもぐる。; ひそむ。ひそめる。かくれる。かくす。; ひそかに。ひそむ。こっそりと。人知ひとしれず。; 心こころをしずかに落おち着つける。深ふかく集中しゅうちゅうする。; 深ふかい。水みずの深ふかいところ。	常 3級
潤	水	ジュン	うるお.う・うるお.す・うる.む [外] ほと.びる	うるおう。うるおす。うるむ。しめる。水分すいぶんをたっぷりふくむ。水みずけをふくむ。めぐみを受うける。利益りえきを得える。立派りっぱになる。; うるおい。しめり。色いろつや。光沢こうたく。めぐみ。利益りえき。	常 3級
澄	水	チョウ	す.ます・す.む	すむ。水みずににごりがなく、清きよらかになる。空そらや音おとがすきとおっているさま。; すます。すませる。清きよらかにする。; すます。そしらぬ顔かおをする。気きどってまじめな顔かおをする。	常 4級
濁	水	ダク [外] ジョク	にご.す・にご.る	にごす。にごる。汚きたなくなる。; けがす。けがれる。よごれる。乱みだれる。; にごり。濁音だくおん・濁点だくてんのこと。	常 4級
濃	水	ノウ [外] ジョウ	こ.い [外] こま.やか	こい。こまやか。色いろや味あじがこい。密度みつどが大おおきい。; 「美濃みのの国くに」の略りゃく。	常 4級
濫	水	ラン	[外] う.かべる・みだ.りに・みだ.れる	あふれる。広ひろがる。あふれ出でる。はびこる。; うかべる。; みだりに。みだれる。度どが過すぎる。; ひたす。ひたる。つかる。水みずにひたす。	常 3級
瀬	水	[外] ライ	せ	せ。あさせ。川かわや海うみの浅あさいところ。; せ。はやせ。川かわの流ながれのはやいところ。急流きゅうりゅう。; せ。立場たちば。場所ばしょ。よりどころ。たのみ所ところ。時とき。場合ばあい。おり。	常 3級
炉	火	ロ	[外] いろり・ひばち	いろり。ひばち。; 火ひを入いれて燃もやしておく装置そうち。かまど。こんろ。	常 3級
炊	火	スイ	た.く [外] かし.ぐ	たく。かしぐ。飯めしをたく。煮炊にたきする。料理りょうりする。	常 3級
炎	火	エン	ほのお [外] ほむら・も.える	ほのお。ほむら。; 燃もえる。燃もえ上あがる。; 燃もえるように熱あつい。焼やけるように熱あつい。; 熱ねつや痛いたみ・はれを引ひき起おこす病気びょうき。	常 3級
為	火	イ	[外] す.る・ため・つく.る・な.す・な.る	する。…とする。…にする。なす。行おこなう。; なる。…となる。…になる。できあがる。物事ものごとが成就じょうじゅする。; つくる。こしらえる。設もうける。つくりあげる。; おさめる。まとめる。統治とうちする。; なおす。治療ちりょうする。; いつわる。まねする。まねをして学まなぶ。; 「や」「か」と読よみ、疑問ぎもん・反語はんごをあらわす。; ため。ためにする。助たすける。	常 4級
烈	火	レツ	[外] はげ.しい	はげしい。猛々たけだけしい。きびしい。勢いきおいが強つよい。特とくに、火ひの勢いきおいが強つよいこと。; 気性きしょうが強つよい。正義せいぎ感かんが強つよい。道義どうぎ心しんにあつい。; 明あかるい。明あきらか。美うつくしい。輝かがやかしい。; てがら。すぐれた功績こうせき。いさお。	常 4級
焦	火	ショウ	こ.がす・こ.がれる・こ.げる・あせ.る [外] じ.らす・じ.れる・や.く	こげる。こがす。焼やいて黒くろくなる。; あせる。こがす。こがれる。心こころを悩なやます。いらいらする。いらだつ。; じれる。じらす。	常 3級
煙	火	エン	けむ.い・けむり・けむ.る [外] けぶ.る・けむ	けむ。けむり。けむる。けぶる。すす。; かすみ。もや。けむり状じょうのもの。; 煙草たばこ。阿片あへん。; けむい。けむたい。けむりが目めにしみる。心苦こころぐるしい。	常 4級
煮	火	シャ	に.える・に.やす・に.る	にる。にえる。にやす。水みずに入いれて熱ねっする。	常 4級
燥	火	ソウ	[外] かわ.く・はしゃ.ぐ	かわく。かわかす。からからになる。; はしゃぐ。うかれる。; あせる。いらだつ。	常 4級
爆	火	バク [外] ハク・ホウ	[外] さ.ける・は.ぜる	さける。はぜる。はじける。破やぶれる。破裂はれつする。	常 4級
牲	牛	セイ	[外] いけにえ	いけにえ。神かみを祭まつるときにそなえる家畜かちく。	常 3級
犠	牛	ギ [外] キ	[外] いけにえ	いけにえ。神かみを祭まつるときにそなえる家畜かちく。; 酒さかだる。	常 3級
狂	犬	キョウ	くる.う・くる.おしい [外] ふ.れる	くるう。気きがちがう。普通ふつうでなくなる。正常せいじょうでないさま。; 常軌じょうきを逸いっする。他ほかをかえりみないほど熱中ねっちゅうする。; ふざける。こっけい。おどける。; くるおしい。心こころが乱みだれている。精神せいしんが正常せいじょうな状態じょうたいでない。; たけりくるう。荒あれくるう。; くるう。調子ちょうしがおかしくなる。ねらいがはずれる。	常 4級
狩	犬	シュ	か.り・か.る	かり。かる。鳥獣ちょうじゅうを追おいたてて捕とらえること。例れい：狩猟しゅりょう; 天子てんしの命めいにより諸侯しょこうが治おさめる領地りょうち。; かり。さがしもとめること。	常 4級
狭	犬	キョウ [外] コウ	せば.まる・せば.める・せま.い [外] さ	せまい。せばまる。せばめる。枠わくがせまい。心こころがせまい。; さ。語調ごちょうを整ととのえる接頭語せっとうご。せまいの意いに用もちいる。	常 4級
猛	犬	モウ	[外] たけ.し	たけし。たける。たけだけしい。荒々あらあらしい。はげしい。	常 4級
猟	犬	リョウ	[外] か.り・か.る	かる。かりをする。鳥獣ちょうじゅうを捕とらえること。; あさる。探さがす。探さがし回まわる。探さがし求もとめる。	常 3級
獄	犬	ゴク	[外] うった.える・ひとや	うったえ。うったえる。裁判さいばん。; ひとや。ろうや。罪人ざいにんを閉とじ込こめておく場所ばしょ。例れい：獄舎ごくしゃ	常 3級
獣	犬	ジュウ	けもの [外] けだもの・しし	けもの。けだもの。動物どうぶつの総称そうしょう。特とくに、野生やせいの動物どうぶつ。; ほじし。干ほし肉にく。	常 4級
獲	犬	カク	え.る	える。鳥獣ちょうじゅうを捕とらえる。手てに入いれる。取とり入いれる。; 信頼しんらいされる。認みとめられる。気きに入いられる。; えもの。とりいれ。狩かりなどで手てに入いれたもの。また、奪うばい取とったもの。; 下女げじょ。貴人きじんに仕つかえる女性じょせい。	常 4級
玄	玄	ゲン	[外] くろ・くろ.い	くろ。黒くろい色いろ。赤味あかみのある黒くろい色いろ。また、暗くらい。; 深ふかい。奥おく深ぶかい。; 遠とおい。かすかで遠とおい。はるか遠とおい。; 天てん。天てんの色いろ。; 北きたの方角ほうがく。北きた向むき。	常 4級
珍	玉	チン	めずら.しい	めずらしい。めったにない。たやすく手てに入いれられない。貴重きちょうな。思おもいがけない。; めずらしいもの。めずらしいこと。大事だいじなもの。貴重きちょうなもの。たから。; ちんとする。めずらしがる。大切たいせつにする。	常 4級
環	玉	カン	[外] たまき・めぐ.る・わ	たまき。輪わの形かたちをした玉たま。; わ。かん。輪わの形かたちをしたもの。; めぐらす。めぐる。とりかこむ。とりまく。まわる。	常 4級
甘	甘	カン	あま.い・あま.える・あま.やかす [外] うま.い	あまい。あまみ。五味ごみの一ひとつ。; ゆるい。てぬるい。しっかりしていない。にぶい。; あまんずる。あまんじる。満足まんぞくする。快こころよく思おもう。転てんじて、仕方しかたがないと我慢がまんする。; うまい。おいしい。味あじがよい。こころよい。; あましとする。うましとする。おいしいと思おもう。うまいと思おもう。; あまい。厳きびしくない。不足ふそくしている。徹底てっていしていない。	常 4級
甲	田	カン・コウ	[外] かぶと・きのえ・つめ・よろい	十干じっかんの一番いちばん目め。きのえ。五行ごぎょうでは木き。方位ほういでは東ひがし。; こうら。亀かめのこうら。外面がいめんをおおう硬かたい皮かわ。; 物事ものごとや等級とうきゅうの第だい一番いちばん目め。; よろい。かぶと。からだを覆おおう武具ぶぐ。例れい：甲冑かっちゅう; かん。声こえの調子ちょうしの高たかいこと。	常 3級
畔	田	ハン	[外] あぜ・くろ・そむ.く・ほとり	耕作こうさく地ちのさかい。あぜ。くろ。あぜみち。; 水みずぎわ。みぎわ。ほとり。; そむく。離反りはんする。敵対てきたいする。違反いはんする。	常 3級
畜	田	チク [外] キク	[外] か.う・たくわ.える・やしな.う	動物どうぶつを飼かう。また、飼かわれている動物どうぶつ。例れい：家畜かちく; たくわえ。たくわえる。集あつめる。; やしなう。かばう。養やしないそだてる。; ゆるす。受うけ入いれる。; 好このむ。喜よろこぶ。愛あいする。	常 3級
畳	田	ジョウ [外] チョウ	たたみ・たた.む [外] かさ.なる・かさ.ねる	たたむ。かさねる。かさなる。積つみ重かさねる。; たたむ。折おりたたむ。平たいらなものを折おり重かさねる。; たたみ。いぐさで作つくった敷しき物もの。また、たたみを数かぞえることば。	常 4級
疲	疒	ヒ	つか.れる [外] つか.らす	つかれる。つからす。おとろえる。くたびれる。	常 4級
疾	疒	シツ	[外] と.く・と.し・にく.む・はや.い・やまい・やま.しい・や.む	やまい。病気びょうき。; やむ。なやむ。苦くるしむ。心配しんぱいする。わずらう。; 欠点けってん。くせ。悪癖あくへき。傷きず。; にくむ。ねたむ。うらむ。; はやい。すばやい。とし。はげしい。; はやく。すばやく。とく。はげしく。	常 3級
痘	疒	トウ	[外] もがさ	もがさ。ほうそう。天然てんねん痘とう。感染かんせん症しょう。伝染でんせん病びょう。	常 3級
療	疒	リョウ	[外] い.やす	いやす。なおす。病気びょうきを治なおす。苦痛くつうを取とり除のぞく。	常 4級
癖	疒	ヘキ	くせ	くせ。人ひとの習性しゅうせい。人ひとがそれぞれに持もつ好このみや性質せいしつ。; 腹部ふくぶにしこりのできる病気びょうき。消化しょうか不良ふりょう。	常 3級
皆	白	カイ	みな	みな。みんな。だれもかれも。おおぜいの人ひとのこと。ことごとく。; ともに。おなじく。一緒いっしょに。	常 4級
盆	皿	ボン [外] ホン	[外] はち	はち。浅あさく円まるい大おおきな器うつわ。水みずや酒さけなどを入いれる器うつわ。; ぼん。茶器ちゃきや食器しょっきをのせて運はこぶための器うつわ。	常 4級
盗	皿	トウ	ぬす.む [外] と.る	ぬすむ。とる。うばう。人ひとの物ものを取とる。人ひとの物ものを抜ぬき取とる。ぬすみ。; ぬすびと。どろぼう。つまらぬ人ひと。; ぬすむ。ひそかに物事ものごとをする。かくして物事ものごとをする。ごまかす。	常 4級
監	皿	カン [外] ケン	[外] かんがみ.る・しら.べる・み.る	みる。見張みはる。見下みおろす。; 管理かんりする。取とり締しまる。; 牢屋ろうや。牢獄ろうごく。また、牢屋ろうやに閉とじ込こめる。; かんがみる。手本てほんとする。手本てほんとする。; 宦官かんがん（かんがん）。; げん。大宰府だざいふの第三等官だいさんとうかん。	常 4級
盤	皿	バン [外] ハン	[外] おおざら・ま.がる・めぐ.る・わだかま.る	はち。さら。おおざら。たらい。; 物ものを載のせる台だい。; 大おおきな岩いわ。; まがる。めぐる。わだかまる。とぐろをまく。曲まがりくねる。ぐるぐるとめぐる。	常 4級
盾	目	ジュン	たて	たて。身みを守まもるための武具ぶぐ。	常 4級
眠	目	ミン [外] ベン	ねむ.い・ねむ.る	ねる。ねむる。ねむり。ねむい。; ねむる。死しぬ。	常 4級
瞬	目	シュン	またた.く [外] しばた.く・しばたた.く・まじろ.ぐ・まばた.く	またたく。まばたく。まじろぐ。しばたく。まばたきをする。しばたたく。またたき。まばたき。; きわめて短みじかい時間じかん。まばたきするほどの時間じかん。例れい：瞬間しゅんかん	常 4級
矛	矛	ム [外] ボウ	ほこ	ほこ。両刃りょうばの剣けんを長ながい柄えの先さきにつけた武器ぶき。	常 4級
砲	石	ホウ	[外] おおづつ・つつ	いしゆみ。石いしをはじき飛とばす武器ぶき。; つつ。大筒おおづつ。火薬かやくを用もちいて弾丸だんがんを打うち出だす武器ぶき。例れい：鉄砲てっぽう 大砲たいほう	常 4級
硬	石	コウ	かた.い	かたい。つよい。手強てごわい。	常 3級
碑	石	ヒ	[外] いしぶみ	たていし。棺ひつぎを墓穴はかあなに下おろすために用もちいる石柱せきちゅう。; たていし。日ひかげをみることにより時間じかんをはかるために用もちいる石柱せきちゅう。; いしぶみ。文字もじの刻きざまれた石柱せきちゅう。	常 3級
礎	石	ソ	いしずえ	いしずえ。家屋かおくの柱はしらの下したにおく土台どだい石いし。; 物事ものごとのもとい。もとになる部分ぶぶん。基本きほん。	常 3級
祈	示	キ	いの.る	いのる。いのり。神仏しんぶつに願ねがい求もとめる。	常 4級
祉	示	シ	[外] さいわ.い	さいわい。めぐみ。しあわせ。神かみから与あたえられた幸福こうふく。	常 3級
秀	禾	シュウ	ひい.でる	ひいでる。すぐれる。のびる。のび出でる。ぬきんでる。; 芽めが出でる。花はなが咲さく。	常 4級
称	禾	ショウ	[外] あ.げる・かな.う・たた.える・とな.える・はか.る	たたえる。ほめる。ほめたたえる。; となえる。となえ。名なづける。呼よび名な。; はかる。目方めかたをはかる。重おもさをはかる。; はかり。天秤てんびん。重おもさをはかる道具どうぐ。; かなう。適合てきごうする。つり合あいがとれる。	常 4級
稚	禾	チ	[外] いとけな.い・わか.い	おさない。いとけない。わかい。あどけない。年齢ねんれいが低ひくい。; 幼おさない者もの。子供こども。; 晩稲おくて（おくて）。おそい時期じきに実みのる稲いね。	常 3級
稲	禾	トウ	いな・いね	いな。いね。五穀ごこくの一ひとつ。	常 4級
稿	禾	コウ	[外] したがき・わら	したがき。詩しや文章ぶんしょうのしたがき。原案げんあん。; わら。稲いねや麦むぎなどの茎くき。	常 4級
穂	禾	スイ	ほ	ほ。穀物こくもつの茎くきの先さきの実みのつく部分ぶぶん。ほのような形かたちをしたもの。	常 3級
穏	禾	オン	おだ.やか [外] やす.らか	おだやか。やすらか。落おち着ついているさま。	常 3級
穫	禾	カク	[外] か.る・とりい.れる	かる。かりとる。穀物こくもつをかりとる。; とりいれる。おさめる。手中しゅちゅうにおさめる。	常 3級
突	穴	トツ	つ.く	つく。つきあたる。ぶつかる。つき出でる。; にわかに。だしぬけに。思おもいがけず急きゅうに。例れい：突然とつぜん; つき。剣術けんじゅつや相撲すもうで相手あいてをつく技わざ。	常 4級
窒	穴	チツ	[外] ふさ.がる	ふさぐ。ふさがる。とじる。行いき詰づまる。; 化学かがく元素げんその一ひとつ。窒素ちっそ。	常 3級
端	立	タン	はし・はた・は [外] ただ.しい・はした・はじ.め・はな	はし。はじ。はた。へり。すえ。ふち。; ただしい。正直しょうじき。まっすぐ。きちんとしている。; はした。はんぱ。; はじめ。おこり。きっかけ。糸口いとぐち。きざし。もと。; たん。布地ぬのじの長ながさの単位たんい。鯨尺くじらじゃくで二丈にじょう八尺はっしゃく。	常 4級
符	竹	フ	[外] わりふ	わりふ。あいふだ。しるし。; あかし。証拠しょうこ。おしで。印章いんしょう。しるし。; 未来みらい記き。きざし。; 神仏しんぶつの守まもり札ふだ。おふだ。; 合あう。ぴったりと合あう。	常 3級
箇	竹	カ [外] コ		か。こ。物ものを数かぞえるのに用もちいる助数詞じょすうし。; この。この。あの。あれ。ものや場所ばしょを指さし示しめすことば。	常 4級
範	竹	ハン	[外] いがた・のり	かた。鋳型いがた。竹製たけせいの型かた。＝笵; のり。決きまり。法律ほうりつ。手本てほん。＝笵	常 4級
篤	竹	トク	[外] あつ.い	あつい。手厚てあつい。人情にんじょうが厚あつい。; あつくする。手厚てあつくする。; 物事ものごとに熱心ねっしんである。もっぱらである。; 病気びょうきが重おもい。	常 3級
簿	竹	ボ [外] ハク・バク・ホ		帳面ちょうめん。例れい：帳簿ちょうぼ 簿記ぼき; しゃく。; 天子てんしの行列ぎょうれつ。; 薄うすい竹たけで作つくったすだれ。; 養蚕ようさんに用もちいる道具どうぐ。	常 3級
籍	竹	セキ [外] ジャク・シャ	[外] し.く・ふみ・ふ.む	ふみ。書物かきもの。文書ぶんしょ。; 人別にんべつ・戸別こべつ・地所じしょなどを書かき記しるした帳簿ちょうぼ。; 記しるす。書かき込こむ。書かき記しるす。; 税ぜいのとりたて。取とり立たてる。; 借かりる。また、貸かす。; 下したに敷しく。敷物しきもの。; ふむ。足あしでふむ。ふみ耕たがやす。; 許ゆるす。	常 3級
粋	米	スイ	いき	混まじりけがない。例れい：純粋じゅんすい; もっぱら。; 質しつがよい。すぐれている。また、そのような部分ぶぶん。; くだく。くだける。わける。; いき。すい。あかぬけている。物分ものわかりのよい。例れい：粋人すいじん 無粋ぶすい	常 3級
粒	米	リュウ	つぶ	つぶ。米こめつぶ。穀物こくもつのつぶ。; 米こめつぶのように小ちいさく丸まるいもの。; 穀物こくもつを食たべる。; つぶ状じょうのものを数かぞえる助数詞じょすうし。	常 4級
粗	米	ソ	あら.い [外] ほぼ	あらい。おおざっぱ。細こまかでない。あらあらしい。; そまつな。質しつが悪わるい。; ほぼ。だいたい。あらまし。おおよそ。; 人ひとに物ものを贈おくるときにつける謙称けんしょう。例れい：粗品そしな	常 3級
粘	米	ネン [外] デン	ねば.る	ねばる。ねばりけがある。	常 3級
糧	米	リョウ・ロウ	かて	かて。食たべ物もの。食料しょくりょう。旅行りょこうや行軍こうぐんの際さいの食料しょくりょう。; 年貢ねんぐ。租税そぜい。年貢ねんぐとしての穀類こくるい。	常 3級
紋	糸	モン [外] ブン	[外] あや	あや。織物おりものの模様もよう。; しわ。すじ。しわやすじのあるもの。しわの模様もよう。; もん。もんどころ。家々いえいえによって定さだめている、家いえをあらわすしるし。	常 4級
紛	糸	フン	まぎ.らす・まぎ.らわしい・まぎ.らわす・まぎ.れる [外] まが.う・まぐ.れ・みだ.れる	まぎれる。まがう。まごう。まぎれこむ。まぎらわしい。; みだれる。もつれる。もめる。入いり乱みだれる。; 多おおいさま。; 旗はたのふき流ながし。	常 3級
紫	糸	シ	むらさき	むらさき。色いろの名な。赤あかと青あおを混まぜ合あわせた色いろ。; むらさき。醤油しょうゆのこと。	常 4級
紹	糸	ショウ	[外] つ.ぐ	つぐ。受うけつぐ。引ひき継つぐ。継承けいしょうする。; 引ひき合あわせる。間あいだをとりもつ。	常 4級
紺	糸	コン		こん。こん色いろ。少すこし赤あかみがかった濃こい青色あおいろ。	常 3級
絞	糸	コウ	しぼ.る・し.まる・し.める [外] くび.る	しめる。くびる。くくりしめる。; きびしい。きびしくする。; もえぎ色いろ。; しぼる。水分すいぶんをしぼりとる。	常 3級
絡	糸	ラク	から.まる・から.む・から.める [外] から.げる・つな.ぐ・まと.う	からまる。からむ。からめる。まとう。まとわる。まといつく。; つながる。つなぐ。続つづく。; すじ。すじみち。いとすじ。例れい：脈絡みゃくらく; きずな。たづな。馬うまをつなぐ綱つな。	常 4級
継	糸	ケイ	つ.ぐ [外] まま	つぐ。つなぐ。受うけつぐ。つづる。とぎれず続つづく。; つぎ。あとつぎ。あとを引ひきつぐもの。; ついで。続つづいて。; つぎ。きれを当あてて補修ほしゅうをする。また、そのきれのこと。; まま。血ちのつながりがないこと。例れい：継母けいぼ	常 4級
維	糸	イ	[外] これ・つな.ぐ	つなぐ。支ささえる。しばる。結むすぶ。たもつ。; つな。大おおづな。物ものをつりさげるつな。; すじ。糸いと。; 「これ」と読よみ、あとに続つづく語ごを強調きょうちょうする意い。	常 4級
綱	糸	コウ	つな	つな。おおづな。あみづな。; かなめ。おおもと。物事ものごとのかなめとなるもの。物事ものごとをとりしまるもの。; 治おさめる。すべる。管理かんりする。; 分類ぶんるい上じょうの大おおきな区分くぶん。	常 3級
網	糸	モウ [外] ボウ	あみ	あみ。魚さかなや動物どうぶつを捕とらえるあみ。; 法律ほうりつ。法ほうのあみ。; あみする。あみを張はって捕とらえる。残のこさずとる。	常 4級
緊	糸	キン	[外] かた.い・きび.しい・し.める・ちぢ.む	かたい。しめる。かたくしめる。ひきしめる。; きびしい。さしせまる。急いそぐ。; 縮ちぢむ。縮ちぢめる。	常 3級
締	糸	テイ	し.まる・し.める [外] むす.ぶ	むすぶ。とりきめる。固かたく結むすぶ。; むすぼれる。気きが晴はれない。心こころがはれない。; しまる。しめる。きびしくする。束たばねる。しっかりする。合計ごうけいする。; しめ。合計ごうけい。	常 3級
緩	糸	カン	ゆる.い・ゆる.む・ゆる.める・ゆる.やか [外] ぬる.い	ゆるい。ゆるやか。; ゆるめる。ゆるくする。; きびしくない。きつくない。	常 3級
緯	糸	イ	[外] ぬき・よこいと	よこいと。織物おりものの横糸よこいと。ぬきいと。; よこ。東西とうざいの方向ほうこう。左右さゆうの方向ほうこう。; すじ。みち。すじみち。道理どうり。; 未来みらい記き。預言よげん書しょ。	常 4級
縁	糸	エン	ふち [外] えにし・へり・ゆかり・よすが・よ.る	ふち。衣服いふくのへり。物もののへり・まわり。; よる。すがる。たどる。たどる。よじのぼる。; えにし。ゆかり。つながり。; めぐりあわせ。仏教ぶっきょうで用もちいる。; えん。えんがわ。	常 4級
縛	糸	バク [外] ハク	しば.る [外] いまし.める	しばる。くくる。束たばねる。つなぐ。動うごけないようにする。いましめる。	常 3級
縫	糸	ホウ	ぬ.う	ぬう。ぬい合あわせる。; つくろう。とりつくろう。; ぬいめ。合あわせめ。ぬい合あわせた跡あと。	常 3級
繁	糸	ハン	[外] しげ.る・わずら.わしい	しげる。ふえる。草木くさきがしげる。; さかんになる。さかんである。さかえる。; わずらわしい。しきりに。忙いそがしい。; 馬うまの腹帯はらおび。	常 4級
繕	糸	ゼン [外] セン	つくろ.う	つくろう。なおす。修復しゅうふくする。; おさめる。; そなえる。; 書かき写うつす。; 強つよくする。	常 3級
繰	糸	[外] ソウ	く.る	紺こん色いろの絹きぬ。; くる。糸いとをくる。繭まゆや絹きぬから糸いとを引ひき出だす。; くる。たぐる。順じゅんに動うごかす。順じゅんに送おくる。	常 4級
罰	网	バチ・バツ [外] ハツ		とがめ。しおき。ばつ。つみ。とがめる。しおきする。; ばち。罪つみ・悪事あくじのむくい。神仏しんぶつのとがめ。	常 4級
翻	羽・羽部（はね）	ホン [外] ハン	ひるがえ.す・ひるがえ.る	ひるがえす。ひるがえる。羽はねをひるがえして飛とぶ。; ひっくり返かえす。反対はんたいにする。裏うら返がえす。; ある国くにのことばを別べつの国くにのことばに直なおす。	常 3級
翼	羽・羽部（はね）	ヨク [外] イキ	つばさ [外] たす.ける	つばさ。鳥とりや虫むしの左右さゆうの羽はね。; たすける。補佐ほさする。かばう。; 明日あす。あくる日ひ。; 二十八宿にじゅうはっしゅくの一ひとつ。たすきぼし。	常 4級
耐	而	タイ [外] ダイ・ドウ・ナイ・ノウ	た.える	たえる。こらえる。もちこたえる。しのぶ。こらえしのぶ。; よく。よくする。できる。＝能	常 4級
聴	耳	チョウ [外] テイ	き.く [外] ゆる.す	聞きく。聞きき入いれる。; 治おさめる。; まかせる。従したがう。; 聞きく。詳くわしく聞きく。注意ちゅういして聞きく。; しのび。まわしもの。; ゆるす。; 役所やくしょ。	常 3級
肝	肉	カン	きも	きも。肝臓かんぞう。; こころ。まごころ。心こころの中なか。; かなめ。要所ようしょ。	常 3級
肩	肉	ケン	かた	かた。腕うでと胴体どうたいのつながる部分ぶぶん。また、その関節かんせつの上部じょうぶ。; になう。かつぐ。もちこたえる。たえる。; 三歳さんさいのけもの。	常 4級
肪	肉	ボウ [外] ホウ	[外] あぶら	あぶら。動物どうぶつの体内たいないの固かたまった脂肪しぼう。; あぶらぎる。肥こえる。	常 4級
胆	肉	タン [外] トウ	[外] きも	きも。胆嚢たんのう。内臓ないぞうの一ひとつ。; 気力きりょく。きもったま。きもだま。度胸どきょう。判断はんだん力りょく。勇気ゆうき。; 心こころ。本心ほんしん。	常 3級
胎	肉	タイ	[外] はら.む	はらむ。みごもる。妊娠にんしんする。腹はらに子こをやどす。; はらごもり。妊娠にんしん。; はらご。胎児たいじ。; 子宮しきゅう。こぶくろ。子このやどるところ。; きざし。はじめ。	常 3級
胞	肉	ホウ	[外] はら	えな。胎児たいじを包つつむ膜まく。; はら。母親ははおやの体内たいない。; 同一どういつの父母ふぼから生うまれた兄弟きょうだい姉妹しまい。; くりや。台所だいどころ。料理りょうり場ば。また、料理りょうり人にん。	常 3級
胴	肉	ドウ [外] トウ		大腸だいちょう。腸ちょう。; 動物どうぶつの身体からだで、首くび・手足てあしを除のぞいた部分ぶぶん。例れい：胴体どうたい; 鎧よろいまたは剣道けんどうの防具ぼうぐで、身体からだの胸むねや腹部ふくぶを覆おおう部分ぶぶん。; 太鼓たいこなどの楽器がっきの中央ちゅうおう部分ぶぶん。	常 4級
脂	肉	シ	あぶら [外] べに・やに	あぶら。肉にくのあぶら。動物どうぶつ性せいのあぶら。; 化粧けしょう用ようのあぶら。例れい：脂粉しふん; あぶらをさす。あぶらを塗ぬりなめらかにする。; やに。樹木じゅもくからでる液えき。; べに。くちべに。	常 4級
脅	肉	キョウ	おど.かす・おど.す・おびや.かす [外] おび.える	おどす。おびやかす。おどかす。おびえる。; そびやかす。そびえるようにする。高たかく上あげる。; わき。わきばら。胸むねの両りょう外側そとがわ。両腕りょううでの下した。＝脇	常 3級
脚	肉	キャク・キャ [外] カク	あし	あし。あし全体ぜんたい。; ひざの下した。すね。; 物ものの下したについて支ささえの役割やくわりをするもの。; 足あしのある物ものを数かぞえる助数詞じょすうし。	常 4級
脱	肉	ダツ [外] タイ・タツ	ぬ.ぐ・ぬ.げる	ぬぐ。ぬげる。身みにつけてる衣服いふくを取とり去さる。; ぬける。ぬけ落おちる。; ぬけ出だす。ぬける。のがれる。; おろそか。おおまか。粗末そまつな。粗略そりゃくな。; もし。かりに。; 「脱脱たいたい」はのびやかなさま。	常 4級
腐	肉	フ	くさ.らす・くさ.る・くさ.れる [外] くさ.す	くさる。くちる。くさらす。いたむ。肉にくなどがくずれただれる。; 古ふるい。古ふるくて役やくに立たたない。; くさらす。くさらせる。ただらせる。; いためる。心こころをいためる。心こころをなやます。; 男子だんしを去勢きょせいする刑罰けいばつ。	常 4級
腕	肉	ワン	うで [外] かいな	うで。かいな。二にの腕うで。; 手首てくび。; うで。うでまえ。技量ぎりょう。例れい：手腕しゅわん; うでのように本体ほんたいから出でた部分ぶぶん。	常 4級
腰	肉	ヨウ	こし	こし。背骨せぼねと骨盤こつばんのつながる部分ぶぶん。; かなめ。物事ものごとの重要じゅうような部分ぶぶん。; こしにつける。帯おびる。こしにする。; こし。物事ものごとを押おし通とおす意気いき。頑張がんばり。ねばり。	常 4級
膚	肉	フ	[外] はだ・はだえ	はだ。はだえ。からだの表皮ひょうひ。例れい：皮膚ひふ; 物ものの表面ひょうめん。うわつら。うわべ。; 浅あさはかな。うわつらだけの。; 美うつくしい。立派りっぱな。; 大おおきい。; 四本よんほんの指ゆびを平たいらに並ならべた長ながさ。	常 4級
膜	肉	マク [外] バク・ボ・モ		まく。体内たいないの臓器ぞうきや筋肉きんにくなどをおおい包つつむ薄うすい皮かわ。; うすかわ、ものの表面ひょうめんをおおう薄うすい皮かわ。; 両手りょうてをあげて、地ちに伏ふして拝おがむこと。	常 3級
膨	肉	ボウ [外] ホウ	ふく.らむ・ふく.れる [外] ふく.よか	ふくらむ。ふくれる。はれる。大おおきくなる。	常 3級
致	至	チ	いた.す	いたす。送おくり届とどける。いたらせる。招まねきよせる。来こさせる。つくす。; おもむき。ありさま。味あじわい。様子ようす。; いたす。「する」の謙譲語けんじょうご。	常 4級
舗	舌	ホ [外] フ	[外] し.く・みせ	しく。並ならべる。つらねる。; 門もんにとりつける金具かなぐ。; あまねく。広ひろく。; 器物きぶつの名な。; 止とめる。止とまる。; みせ。お店みせ。; 宿場しゅくば。たてば。	常 4級
舞	舛	ブ [外] ム	まい・ま.う [外] もてあそ.ぶ	まう。踊おどる。; まわす。はげます。奮ふるい立たたせる。; もてあそぶ。思おもいのままにあつかう。	常 4級
舟	舟	シュウ [外] シュ	ふな・ふね	ふね。こぶね。水上すいじょうを移動いどうするための道具どうぐ。; うけだらい。祭器さいきをのせるための盤ばん。; おびる。身みにつける。; ふね。水みずや湯ゆなどの液体えきたいを入いれるおけ。例れい：湯舟ゆぶね	常 4級
般	舟	ハン	[外] たぐい・めぐ.る	めぐる。めぐらす。まわる。まわす。; 運はこぶ。移うつす。; 楽たのしむ。遊あそぶ。; 大おおきい。; かえす。; わける。; しく。しきおよぼす。分布ぶんぷする。; 種類しゅるい。たぐい。区別くべつ。; まだら。ぶち。入いり乱みだれる。	常 4級
芋	艸	[外] ウ	いも	いも。特とくに、さといも。いも類るいの総称そうしょう。	常 4級
芝	艸	[外] シ	しば	ひじりだけ。さいわいだけ。めでたいしるしとされる。; きのこ。; しば。しばくさ。庭園ていえんやグラウンドに植うえつけるイネ科かの多年草たねんそう。	常 4級
芳	艸	ホウ	かんば.しい [外] かお.り・かぐわ.しい	かんばしい。かぐわしい。よいかおりがする。かおりのよい花はな。; 評判ひょうばんがよい。名声めいせいがすぐれている。; 才能さいのうのある人物じんぶつ。賢者けんじゃ。; 他人たにんに関かんする物事ものごとに冠かんする敬称けいしょう。	常 3級
苗	艸	ビョウ [外] ミョウ	なえ・なわ [外] か.り	なえ。なわ。芽めがでたばかりの植物しょくぶつ。; 狩かり。農作物のうさくぶつの被害ひがいを防ふせぐために行おこなう狩かり。; すえ。血筋ちすじ。遠とおい子孫しそん。; 人民じんみん。民衆みんしゅう。たみ。	常 3級
茂	艸	モ [外] ボウ	しげ.る [外] すぐ.れる	しげる。草木くさきがさかんに生おい育そだつ。; さかん。豊ゆたか。多おおい。; すぐれる。立派りっぱである。美うつくしい。; つとめる。はげむ。努力どりょくする。	常 4級
荒	艸	コウ	あら.い・あ.らす・あ.れる [外] すさ.ぶ・すさ.む	あれる。あれはてる。すたれる。土地とちがあれる。; 不作ふさく。飢饉ききん。作物さくもつや穀物こくもつが実みのらない。; すさぶ。すさむ。乱みだれる。; おおい。物ものをおおうもの。; 大おおきい。大おおきくする。拡大かくだいする。; 遠とおい。遠とおい地ち。地ちの果はて。辺境へんきょう。; とりとめのないさま。でたらめなさま。うそ。; あらい。手荒てあらい。乱暴らんぼうな。あらあらしい。雨風あめかぜが激はげしい。; あれ。暴風雨ぼうふうう。; あれ。皮膚ひふのあれ。肌はだのあれ。	常 4級
菊	艸	キク		きく。キク科かの多年草たねんそう。	常 3級
菓	艸	カ	[外] くだもの	くだもの。木きの実み。果実かじつ。; かし。おかし。甘あまい食たべ物もの。	常 4級
華	艸	カ・ケ [外] ゲ	はな [外] しろ.い	はな。草木くさきの花はなの総称そうしょう。; はなが咲さく。はなさく。; はなやか。美うつくしい。さかえる。立派りっぱ。; いろ。いろどり。; 白しろい。白髪しらが。また、おしろい。; 中国ちゅうごくの自称じしょう。; 山やまの名な。	常 3級
葬	艸	ソウ	ほうむ.る	ほうむる。死体したいを墓はかにおさめること。また、その儀式ぎしき。	常 3級
蓄	艸	チク	たくわ.える	たくわえる。ためる。あつめる。たくわえ。; やしなう。育そだてる。飼かう。	常 4級
薄	艸	ハク	うす.い・うす.まる・うす.める・うす.らぐ・うす.れる [外] すすき・せま.る	うすい。厚あつみがない。軽かるい。あわい。うすい。; 内容ないようが少すくない。濃度のうどが低ひくい。とぼしい。わずか。; うすくする。軽かろんじる。軽視けいしする。いやしむ。; うすまる。うすれる。うすらぐ。少すくなくなる。; 迫せまる。近ちかづく。至いたる。; すすき。イネ科かの多年草たねんそう。秋あきの七草ななくさの一ひとつ。	常 4級
薪	艸	シン	たきぎ [外] まき	たきぎ。まき。燃料ねんりょうにするための木き。	常 4級
藩	艸	ハン	[外] まがき	まがき。垣根かきね。へい。おおい。; 境さかい。区域くいき。; おおう。守まもる。; 地方ちほうを治おさめて、王室おうしつの守まもりとなった諸侯しょこう。; はん。江戸えど時代じだい、大名だいみょうが領有りょうゆうする土地とちやそこに住すむ領民りょうみんの総称そうしょう。	常 3級
虐	虍	ギャク	しいた.げる [外] むご.い	しいたげる。いじめる。いためる。むごく扱あつかう。そこなう。; むごい。手荒てあらい。厳きびしい。; 災わざわい。	常 3級
虚	虍	キョ・コ	[外] うつ.ける・うつ.ろ・うろ・むな.しい	むなしい。何なにもない。中身なかみがない。からっぽ。うわべだけの。; むなしくする。からにする。; 弱よわい。からだが弱よわい。; うつろ。穴あな。; おか。大おおきな丘おか。; たてものなどのあと。例れい：廃虚はいきょ; 二十八宿にじゅうはっしゅくの一ひとつ。とみてぼし。	常 3級
蛮	虫	バン	[外] えびす	えびす。文化ぶんかの開ひらけていない地ちに住すむ民たみのこと。; 荒々あらあらしい。たけだけしい。乱暴らんぼうである。; 昔むかし、外国がいこく人じんをいやしんで呼よんだ語ご。	常 3級
衝	行	ショウ	[外] つ.く	大通おおどおり。みち。交通こうつうの中心ちゅうしんとなるところ。; かなめ。要所ようしょ。; つく。つきあたる。ぶつかる。; 動うごかす。動うごく。; 向むかう。; 戦車せんしゃ。軍艦ぐんかん。	常 3級
衰	衣	スイ [外] サイ・シ	おとろ.える	おとろえる。勢いきおいや力ちからがなくなる。かすかになる。弱よわる。; 喪服もふく。; そぐ。へらす。差さがつく。	常 3級
袋	衣	タイ [外] テイ	ふくろ	ふくろ。布ぬの・紙かみ・皮かわなどで作つくられた、物ものを入いれるもの。; ふくろ。行いき止どまり。行いき詰づまり。例れい：袋小路ふくろこうじ	常 3級
被	衣	ヒ	こうむ.る [外] おお.う・かず.ける・かぶ.せる・かぶ.る	おおう。かぶる。おおいかぶせる。; こうむる。受うける。帯おびる。身みにつける。; 掛かけ布団ぶとん。ふすま。寝巻ねまきき。夜着よぎ。; る。らる。受身うけみをあらわす助字じょじ。	常 4級
裂	衣	レツ	さ.く・さ.ける [外] きれ	きれ。きれはし。布ぬののきれはし。; さく。ひきさく。さきやぶる。; やぶれる。さける。ばらばらになる。くずれる。; 刑罰けいばつの一種いっしゅ。	常 3級
裸	衣	ラ	はだか	はだか。あかはだか。むきだし。; はだかにする。はだかになる。はだぬぐ。	常 3級
襲	衣	シュウ	おそ.う [外] かさね・かさ.ねる・つ.ぐ	おそう。おそいかかる。不意打ふいうちする。; かさね。そろい。衣服いふくの一ひとそろい。衣服いふくの上下じょうげ。; かさねる。かさなる。かさねて着きる。積つみ重かさねる。; つぐ。おそう。受うけつぐ。引ひきつぐ。後あとをつぐ。例れい：踏襲とうしゅう	常 4級
覆	襾	フク [外] フ・フウ	おお.う・くつがえ.す・くつがえ.る	くつがえる。くつがえす。ひっくり返かえす。ひっくり返かえる。ほろぼす。やぶる。; 反対はんたいに。かえって。; くりかえす。反復はんぷくする。かさねる。; 調しらべる。明あきらかにする。検査けんさする。; おおう。かぶせる。かくす。つつむ。; 待まち伏ぶせする。伏兵ふくへい。	常 3級
触	角	ショク [外] ソク	さわ.る・ふ.れる	ふれる。さわる。手てなどを軽かるくつける。; ふれる。あたる。ぶつかる。; ふれる。けがす。罪つみをおかす。; ふれる。人々ひとびとに広ひろく知しらせる。; ふれ。知しらせ。通告つうこく。	常 4級
訂	言	テイ	[外] さだ.める・ただ.す	ただす。間違まちがいをなおす。あらためる。; さだめる。決きめる。制定せいていする。	常 3級
託	言	タク	[外] かこ.つ・かこつ.ける・ことづ.かる・まか.せる	まかせる。ゆだねる。よる。たよる。; かこつける。ことよせる。口実こうじつにする。; かこつ。不平ふへいを言いう。ぐちを言いう。	常 3級
訴	言	ソ	うった.える	うったえる。同情どうじょうや理解りかいを求もとめるために、不満ふまんや不平ふへいなどをもらす。; うったえる。申もうし立たてる。申もうし出でる。; 物事ものごとを解決かいけつするための手段しゅだんにする。例れい：武力ぶりょくに訴うったえる	常 4級
詠	言	エイ	よ.む [外] うた.う・なが.める	うたう。詩歌しいかをうたう。; うた。詩歌しいか。; よむ。和歌わかを作つくる。	常 3級
詰	言	キツ	つ.まる・つ.む・つ.める [外] なじ.る	なじる。問といつめる。責せめる。; 調しらべる。; 曲まがる。曲まげる。; 止とめる。禁止きんしする。取とりしまる。; 夜明よあけ。朝あさ。明あくる。; つまる。いっぱいになる。せまくなる。; つめる。少すくなくする。; つまり。結局けっきょく。	常 4級
該	言	ガイ [外] カイ	[外] か.ねる・そな.わる・そ.の	兼かねる。備そなえる。; 当あたる。当あてはまる。; その。この。事物じぶつを指定していすることば。例れい：当該とうがい; 誓ちかい。軍中ぐんちゅうの約束やくそく。; ことごとく。みな。	常 3級
詳	言	ショウ [外] ヨウ	くわ.しい [外] つまび.らか	くわしい。つまびらか。; つまびらかにする。明あきらかにする。よく知しる。; ことごとく。すべて。あまねく。; 平たいら。公平こうへい。; よい。めでたい。; いつわる。みせかける。	常 4級
誇	言	コ	ほこ.る	ほこる。いばる。自慢じまんする。; ほこり。名誉めいよ。自慢じまん。; 太ふとい。大おおきい。	常 4級
誉	言	ヨ	ほま.れ [外] ほ.める	ほめる。たたえる。; ほまれ。よい評判ひょうばん。; 楽たのしむ。	常 4級
誘	言	ユウ	さそ.う [外] いざな.う・おび.く	さそう。いざなう。みちびく。そそのかす。	常 3級
請	言	セイ・シン [外] ショウ	う.ける・こ.う	たのむ。こう。いのる。願ねがう。頼たのむ。; 要望ようぼう。こい。願ねがい。; 告つげる。申もうし上あげる。; 召めす。まねく。; 目通めどおりする。お目めにかかる。; 受うける。; うける。金かねをはらって引ひき取とる。引ひき受うける。	常 3級
諮	言	シ	はか.る [外] と.う	はかる。問とう。相談そうだんする。	常 3級
諾	言	ダク	[外] うべな.う	うべなう。承知しょうちする。聞きき入いれる。; こたえる。「はい」と答こたえる。; 国名こくめい「諾威のるうぇー（ノルウェー）」の略りゃく。	常 3級
謀	言	ボウ・ム	はか.る [外] はかりごと	はかる。くわだてる。計画けいかくをねる。; はかる。考かんがえをめぐらす。; はかる。話はなし合あう。相談そうだんする。; はかりごと。くわだて。たくらみ。計略けいりゃく。	常 3級
謡	言	ヨウ	うたい・うた.う	うたう。楽器がっきなしでうたう。; ひなうた。はやりうた。; うわさ。流言りゅうげん。風説ふうせつ。; そしる。悪口わるぐちをいう。; うたい。謡曲ようきょく。	常 4級
譲	言	ジョウ	ゆず.る [外] せ.める	ゆずる。自分じぶんの物ものや権利けんりなどを他ほかの人ひとに与あたえる。; ゆずる。へりくだる。ひかえる。自分じぶんよりも人ひとを先さきにする。; せめる。せめたてる。せめとがめる。	常 3級
豚	豕	トン	ぶた	ぶた。家畜かちくの一種いっしゅ。; 「河豚ふぐ」は、魚さかなのふぐのこと。; 「土豚どとん」は、土手どてのこと。	常 3級
豪	豕	ゴウ [外] コウ	[外] えら.い・つよ.い	すぐれる。ひいでる。能力のうりょくなどが人ひとより勝かっている。; つよい。たけだけしい。勇いさましい。; 率ひきいる人ひと。おさ。かしら。また、率ひきいる。; おとこだて。; 財産ざいさんや勢力せいりょくのある。; 金持かねもち。貴人きじん。; 一本いっぽんの毛け。ごくわずか。; 荒あらい毛け。; やまあらし。野獣やじゅうの名な。; 豪州ごうしゅう。オーストラリアのこと。	常 4級
販	貝	ハン	[外] あきな.う・ひさ.ぐ	あきなう。ひさぐ。売うる。買かう。; あきない。商売しょうばい。; 商人しょうにん。行商ぎょうしょう。	常 4級
貫	貝	カン [外] ワン	つらぬ.く [外] ぬき・ぬ.く・ひ.く	つきとおす。つらぬく。やりとおす。続つづく。; さし。ぜにさし。; すじみち。すじ。条理じょうり。; 本籍ほんせき。戸籍こせき。にんべつ。; 事こと。; ならう。なれる。; 弓ゆみを引ひく。引ひく。; かん。重量じゅうりょうの単位たんい。; 武士ぶしの知行ちぎょう高だかの単位たんい。	常 3級
賊	貝	ゾク	[外] そこ.なう・わるもの	そこなう。害がいする。きずつける。やぶる。; ぬすびと。ぬすむ。; わるもの。ぞく。悪人あくにん。; 謀反むほんする。攻せめ寄よせる。	常 3級
賢	貝	ケン	かしこ.い [外] さか.しい・まさ.る	かしこい。さかしい。利口りこうである。才知さいちがすぐれている。; かしこい人ひと。才徳さいとくがすぐれた人物じんぶつ。; まさる。すぐれる。すぐれている。; 敬うやまう。たっとぶ。賢人けんじんとして敬うやまう。; 苦労くろうする。骨ほねをおる。; 相手あいてに関かんする語ごにつけて、敬意けいいをあらわす。例れい：賢弟けんてい; どぶろく。濁にごり酒ざけ。	常 3級
賦	貝	フ	[外] みつぎ・わか.つ	わりあて。とりたて。; みつぎ。みつぎもの。租税そぜい。; ぶやく。; わける。割わり当あてる。授さずける。与あたえる。; 「詩経しきょう」の六義りくぎの一ひとつ。; 韻文いんぶんの一体いったい。	常 4級
贈	貝	ソウ・ゾウ	おく.る	おくる。感謝かんしゃや愛情あいじょうなどの気持きもちを込こめて物ものや金品きんぴんを与あたえる。; おくりもの。プレゼント。; 功績こうせきのあった人ひとに対たいして、その人ひとの死後しごに朝廷ちょうていが官位かんいや称号しょうごうを与あたえる。また、その官位かんいや称号しょうごうを示しめす語ご。	常 4級
赦	赤	シャ	[外] ゆる.す	ゆるす。罪つみやあやまちをとがめず許ゆるす。; ゆるし。	常 3級
赴	走	フ	おもむ.く [外] つ.げる	おもむく。行いく急いそいでいく。; 告つげる。人ひとの死しを知しらせる。	常 3級
超	走	チョウ	こ.える・こ.す	こえる。こす。とびこえる。; ぬきんでる。すぐれる。度どをこえる。; 遠とおい。はるか。	常 3級
越	走	エツ [外] オチ・オツ	こ.える・こ.す [外] こし	こえる。こす。のりこえる。ふみこえる。度どをこす。; 遠とおざかる。離はなれる。遠とおい。回まわりくどい。; 落おちる。つまずく。; 散ちる。散ちらす。ちりじりになる。; 春秋しゅんじゅう戦国せんごく時代じだいの国名こくめい。; 南方なんぽうの異民族いみんぞくの名な。; 瑟しつ（しつ、琴ことの一種いっしゅ）の下部かぶにある孔あな（あな）。; 草くさの名な。; 括くくる。; こし。こしのくに。北陸ほくりく地方ちほうの古ふるい呼称こしょう。; 国名こくめい。「越南べとなむ（べとなむ）」の略りゃく。	常 4級
趣	走	シュ [外] ソク	おもむき [外] うなが.す・おもむ.く	おもむく。急いそいでいく。かけつける。; おもむき。考かんがえ。心持こころもち。おもしろみ。; とる。採用さいようする。; うながす。; 速はやい。急いそいで。速すみやかに。	常 4級
距	足	キョ	[外] けづめ・ふせ.ぐ・へだ.てる	けづめ。鶏にわとりなどの足あしの後うしろのつめ。; へだてる。へだたる。間あいだをおく。; 防ふせぐ。こばむ。閉とじる。; たがう。食くい違ちがう。; とびあがる。とびこえる。; 至いたる。行いきつく。; 去さる。	常 4級
跡	足	セキ [外] シャク	あと [外] あとかた	あと。あしあと。あとかた。＝蹟; あとをつける。あとをたどる。＝蹟	常 4級
跳	足	チョウ [外] トウ	と.ぶ・は.ねる [外] おど.る	おどる。おどりあがる。はねる。とぶ。とびあがる。; つまずく。; 速はやく走はしる。; おどらせる。おどらす。とばす。; 逃にげる。走はしり去さる。; はねる。興行こうぎょうなどが終おわること。; はね。衣服いふくなどに飛とびはねた泥どろ。	常 4級
踊	足	ヨウ	おど.り・おど.る	おどる。とびあがる。はねあがる。はねまわる。; 葬式そうしきのときに悲かなしんでおどる礼れい。; あがる。のぼる。; 足あしきりの刑けいを受うけた者ものの履物はきもの。; あらかじめ。; おどる。おどり。音楽おんがくに合あわせて舞まう。ダンス。	常 4級
踏	足	トウ	ふ.まえる・ふ.む	ふむ。ふみつける。ふみ歩あるく。ふみ進すすむ。; ふみおこなう。確たしかめる。実践じっせんする。; おおよその値段ねだんをつける。	常 4級
躍	足	ヤク [外] テキ	おど.る	おどる。はねあがる。飛とび上あがる。例れい：飛躍ひやく 跳躍ちょうやく; 胸むねがわくわくする。; はやい。速はやく走はしる。とびあがって走はしる。	常 4級
軌	車	キ	[外] わだち	わだち。車くるまが通とおった跡あと。車くるまの両輪りょうりんの間隔かんかく。; みち。道みちすじ。道路どうろ。; したがう。より従したがう。; のり。手本てほん。すじみち。	常 3級
軒	車	ケン	のき [外] くるま・たか.い・てすり・と.ぶ	のき。ひさし。; 貴人きじんの乗のる車くるま。; 車くるまの前部ぜんぶが高たかい。; 長ながい廊下ろうか。回廊かいろう。; 欄干らんかん。手てすり。おばしま。; 高たかく上あがる。とぶ。あがる。; 家いえを数かぞえる助数詞じょすうし。	常 4級
軸	車	ジク [外] チク	[外] しんぎ	じく。心木しんぎ。心棒しんぼう。回転かいてんするものの中心ちゅうしんをつらぬく棒ぼう。; 物事ものごとの中心ちゅうしん。かなめ。; かけじく。巻まき物もの。; かけじくや巻まき物ものを数かぞえる助数詞じょすうし。; じく。筆ふでの柄え・マッチの棒ぼう。草くさの茎くきなどのこと。; 俳句はいく・川柳せんりゅうなどの巻末かんまつに記しるす評者ひょうしゃの句く。	常 3級
較	車	カク [外] コウ	[外] くら.べる	車くるまの箱はこの左右さゆうの板いたの上うえに曲まがって出でている取とっ手て。; 競きそう。争あらそう。角つのを突つき合あわせて争あらそう。力ちから比くらべをする。; くらべる。突つき合あわせて比くらべる。例れい：比較ひかく; 明あきらか。著いちじるしい。はっきりしているさま。; おおよそ。おおむね。ほぼ。あらまし。; やや。多少たしょう。割合わりあいに。	常 4級
載	戈	サイ	の.せる・の.る [外] しる.す・とし	のる。のせる。舟ふねや車くるまにのせて運はこぶ。; 置おく。設もうける。かざる。; しるす。書かく。記録きろくする。例れい：記載きさい; なす。行おこなう。施行しこうする。; 仕事しごと。事業じぎょう。つとめ。; はじめ。はじめて。はじめる。; ふたたび。; ここに。すなわち。; 誓ちかいのことば。; 年とし。歳とし。; さい。数かずの単位たんい。１０の４４乗じょう。	常 4級
輝	車	キ	かがや.く [外] て.る	かがやく。てる。ひかる。かがやき。ひかり。かがやかしい。	常 4級
輩	車	ハイ	[外] ともがら・やから	ならび。順序じゅんじょ。; ならべる。つらねる。ならび続つづく。; やから。ともがら。仲間なかま。同類どうるい。群むれ。	常 4級
辛	辛	シン	から.い [外] かのと・つら.い	からい。五味ごみの一ひとつ。; つらい。苦くるしい。むごい。; 罪つみ。; 十干じっかんの八番はちばん目め。かのと。五行ごぎょうでは金きん。方位ほういでは西にし。; からし。香辛料こうしんりょうの一ひとつ。; からくも。かろうじで。やっと。	常 3級
辱	辰	ジョク [外] ニク	はずかし.める [外] かたじけな.い・はじ・はずかし.め	はじをかかせる。はずかしめる。名誉めいよを傷きずつける。; かたじけない。ありがたい。	常 3級
込	辵		こ.む・こ.める	こむ。入はいりこむ。集あつまる。; こめる。つめる。とじこめる。; 細密さいみつ。複雑ふくざつ。	常 4級
迎	辵	ゲイ [外] ギョウ・ゴウ	むか.える	むかえる。もてなす。来くるものを待まち受うける。出で迎むかえる。; 相手あいての気持きもちに合あわせる。人ひとの気きに入いるようにする。; むかえにいく。むかえに行いって連つれて来くる。	常 4級
迫	辵	ハク	せま.る [外] せ.る	せまる。せる。近ちかづく。せばまる。; 追おい詰つめる。おしつける。強制きょうせいする。; さしせまる。ゆきづまる。せっぱつまる。	常 4級
逃	辵	トウ	に.がす・に.げる・のが.す・のが.れる	逃にげる。逃のがれる。立たち去さる。; にがす。のがす。; まじろぐ。瞳ひとみを動うごかす。	常 4級
透	辵	トウ	す.かす・す.く・す.ける [外] とお.る	とおる。とおす。; すける。すかす。すきとおる。; 跳とぶ。はねる。	常 4級
途	辵	ト [外] ズ	[外] みち	みちすじ。みちのり。みち。道路どうろ。	常 4級
逮	辵	タイ [外] テイ	[外] およ.ぶ・とら.える	およぶ。とどく。追おいつく。; とらえる。つかまえる。; 「逮逮ていてい（ていてい）」は、おだやかなさま。やすらかなさま。	常 3級
遂	辵	スイ [外] ズイ	と.げる [外] おお.せる・つい.に	とげる。なしとげる。やりおえる。; 育そだつ。成長せいちょうする。; ついに。はては。かくて。そのまま。; かなう。; したがう。	常 3級
遅	辵	チ	おく.らす・おく.れる・おそ.い	おくらす。おそくする。また、おくれる。おそくなる。; おそい。のろい。ゆっくりと。; 待まつ。待まち受うける。待まち望のぞむ。; すなわち。そこで。	常 4級
遇	辵	グウ [外] グ	[外] あ.う・たまたま・もてな.す	あう。出会であう。思おもいがけなく出会であう。; 時世じせいに合あう。; 当あたる。敵対てきたいする。; もてなす。もてなし。接待せったいする。; たまたま。思おもいがけず。ふと。; おり。機会きかい。	常 3級
違	辵	イ	ちが.う・ちが.える [外] か.い・さ.る・たが.う・たが.える・よこしま	ちがう。たがう。そむく。たがえる。; 去さる。離はなれる。遠とおざかる。逃にげる。立たち去さる。; よこしま。; あやまち。過失かしつ。	常 4級
遣	辵	ケン	つか.う・つか.わす [外] や.る	やる。つかわす。行いかせる。さしむける。; おう。追おい払はらう。はなしてやる。; つかい。使者ししゃ。; おくりもの。; 使役しえきを表あらわす助詞じょし。; つかう。使用しようする。; つかわす。与あたえる。してやる。	常 4級
遭	辵	ソウ	あ.う	あう。めぐりあう。出でくわす。; めぐる。かこむ。周囲しゅうい。; たび。回かい。度数どすうを表あらわす。; 受身うけみをあらわす助字じょじ。	常 3級
遵	辵	ジュン [外] シュン	[外] したが.う	したがう。のっとる。よりそっていく。; ひきいる。; ならう。おこなう。	常 3級
避	辵	ヒ	さ.ける [外] よ.ける	さける。よける。のがれる。	常 4級
邦	邑	ホウ	[外] くに	国くに。大国たいこく。みやこ。天下てんか。; くにする。封ふうずる。; 日本にほんの国くにの。わが国くにの。	常 3級
邪	邑	ジャ [外] シャ・ヤ	[外] よこしま	よこしま。正ただしくない。ねじまがる。; いつわる。あざむく。; や。か。疑問ぎもんをあらわす助字じょじ。	常 3級
郊	邑	コウ		都みやこのはずれ。町まちはずれ。; まつり。まつる。; いなか。; はら。のら。田野でんや。	常 3級
郎	邑	ロウ	[外] おとこ	おとこ。男子だんし。夫おっと。息子むすこ。若わかい男性だんせいをいうことば。; 古代こだい中国ちゅうごくで用もちいられた官名かんめい。; 春秋しゅんじゅう時代じだいの魯ろの地名ちめい。; 男子だんしの名前なまえにつける。	常 4級
郭	邑	カク	[外] くるわ	くるわ。そとぐるわ。都市としや城しろの周まわりを囲かこむ壁かべ。; ものの外回そとまわり。例れい：輪郭りんかく; くるわ。色里いろざと。遊里ゆうり。	常 3級
酔	酉	スイ	よ.う	よう。酒さけによう。; ものごとに心こころをうばわれる。夢中むちゅうになる。; よい。酒酔さけよい。; よう。バスや船ふねなどの乗のり物もので気分きぶんが悪わるくなる。	常 3級
酵	酉	コウ	[外] こうじ・もと	酒さけをつくるときのもと。こうじ。こうじかび。; 酒さけがかもされてあわ立だつ。; さけかす。	常 3級
釈	釆	シャク [外] セキ	[外] お.く・と.かす・と.く・ゆる.す	とく。ときあかす。; 言いい訳わけをする。; 衣服いふくをぬぐ。ときはなつ。; 理解りかいする。; とける。消きえてなくなる。; とかす。うすくする。うすめる。; 捨すてる。放はなつ。; おく。おいておく。そのままにしておく。	常 4級
鈍	金	ドン [外] トン	にぶ.い・にぶ.る [外] なま.る・にび・のろ.い	にぶい。刃物はものなどの切きれ味あじが悪わるい。; にぶい。のろい。のろま。; にぶる。にぶくなる。にぶらせる。; にび。にび色いろ。濃こい灰色はいいろ。	常 4級
鉛	金	エン	なまり [外] おしろい	なまり。金属きんぞく元素げんその一ひとつ。; おしろい。なまりを原料げんりょうとした顔料がんりょう。	常 4級
鋭	金	エイ	するど.い [外] はや.い	するどい。先さきがとがっている。; するどい。はやい。動うごきがすばやい。; するどい。かしこい。頭あたまがよい。; するどい武器ぶき。また、強つよい軍隊ぐんたい。	常 4級
鋳	金	チュウ [外] シュ	い.る	いる。熔と（と）かした金属きんぞくを型かたに流ながし込こみ、器物きぶつをつくる。	常 3級
錠	金	ジョウ [外] テイ		たかつき。食物しょくもつを盛もって供そなえるための脚あしのついた祭器さいき。; 金きんや銀ぎんなどの金属きんぞくを一定いっていの形かたちに固かためたもの。昔むかし、通貨つうかとして用もちいられた。; 薬くすりを一定いっていの形かたちに固かためたもの。; じょう。戸締とじまりに用もちいる金具かなぐ。; 小粒こつぶの薬くすり。また、それを数かぞえることば。	常 3級
錬	金	レン	[外] ね.る	ねる。鉱石こうせきを熱ねっして不純物ふじゅんぶつを取とり除のぞく。質しつを高たかめる。＝煉; ねる。薬くすりをねり合あわせる。＝煉; ねる。ねりあげる。ねりきたえる。	常 3級
錯	金	サク [外] ソ・シャク	[外] あやま.る・お.く・ま.じる	まじる。まじわる。入いりまじる。入いり乱みだれる。; あやまる。間違まちがえる。; たがう。そむく。; やすり。やすりでみがく。; めっきする。金属きんぞくをうすくしたものを上うえから塗ぬる。; おく。すえる。また、はからう。＝措; きめが粗あらい。	常 3級
鍛	金	タン	きた.える	きたえる。金属きんぞくをたたいて質しつを高たかめる。; きたえる。技術ぎじゅつの質しつを高たかめる。; きたえる。からだや心こころを強つよくする。	常 3級
鎖	金	サ	くさり [外] さ.す・とざ.す	くさり。金属きんぞくの輪わをつなぎ合あわせたもの。; つなぐ。つながる。また、つないだもの。; とざす。さす。とじる。しめる。; かぎ。戸締とじまりするためのかぎ。錠前じょうまえ。	常 4級
鎮	金	チン [外] テン	しず.まる・しず.める [外] おさ.え	しずめる。しっかりとおさえる。おさえつける。; しずめる。やすめる。しずめおさえる。やすらかにする。; おさえ。おもし。上うえからおさえるためにおく重おもみのあるもの。; おさえ。重要じゅうようなもの。中心ちゅうしん的てきなもの。; まち。大おおきなまち。; つねに。ずっと。いつまでも。; うずめる。ふさぐ。＝填	常 3級
鐘	金	ショウ [外] シュ	かね	かね。青銅せいどうでつくった打楽器だがっき。; かね。つりがね。つるされた大おおきなかね。; かね。時刻じこくを知しらせるかね。	常 3級
鑑	金	カン	かんが.みる [外] かがみ	かがみ。光ひかりの反射はんしゃを利用りようして人ひとの顔かおや姿すがたをうつす道具どうぐ。; かがみ。手本てほん。模範もはん。; かんがみる。手本てほんと照てらし合あわせてよく考かんがえる。見分みわける。; 水みずを入いれる大おおきな器うつわ。大おおきな盆ぼん。	常 4級
閲	門	エツ	[外] けみ.する・へ.る	けみする。よく見みて調しらべる。確たしかめる。; けみする。へる。経過けいかする。経験けいけんする。; いれる。うけいれる。許容きょようする。; 功績こうせきをしるして門もんの右側みぎがわに立たてる柱はしら。	常 3級
闘	門	トウ	たたか.う [外] たたか.い	たたかう。切きり合あいや撃うち合あいをする。; たたかう。優劣ゆうれつをきそう。; たたかい。あらそい。いくさ。けんか。	常 4級
阻	阜	ソ	はば.む [外] けわ.しい・へだ.たる	けわしい。山やまや道みちなどが険けわしい。; はばむ。さまたげる。邪魔じゃまをする。; へだたる。へだてる。さえぎる。; なやむ。なやみ苦くるしむ。; よる。たよる。たのみにする。	常 3級
陣	阜	ジン [外] チン	[外] じんだて	じんだて。戦闘せんとうの備そなえ。軍隊ぐんたいの配置はいち。; いくさ。戦たたかい。戦闘せんとう。; ひとしきり。一時的いちじてきに盛さかんなさま。	常 4級
陪	阜	バイ	[外] したが.う	ます。かさねる。くわえる。そえる。; したがう。つきそう。おともする。; またげらい。臣下しんかの臣しん。	常 3級
陰	阜	イン [外] オン・アン	かげ・かげ.る [外] くも.る・くら.い・ひそ.か	かげ。日ひの当あたらない暗くらいところ。; くらい。うすぐらい。; くもる。かげる。暗くらくなる。; 山やまの北側きたがわ。川かわの南側みなみがわ。; ひそか。かげにかくれた。; ひそかに。こっそりと。; おおう。かくす。おおいかくす。; 消極しょうきょく的てきなもの。静的せいてきなもの。; 喪もに服ふくするための小屋こや。	常 4級
陳	阜	チン [外] ジン	[外] つら.ねる・の.べる・ひ.ねる・ふる.い	つらねる。ならべる。しきならべる。; のべる。申もうしのべる。言いいのべる。; ふるい。ふるびた。; 国名こくめい。周代しゅうだいの国くにの名な。; 王朝おうちょう名めい。南朝なんちょうのひとつ。; 戦闘せんとうの備そなえ。軍隊ぐんたいの配置はいち。＝陣	常 3級
陵	阜	リョウ	みささぎ [外] おか・しの.ぐ	おか。大おおきなおか。; みささぎ。天子てんしの墓はか。; しのぐ。のりこえる。超越ちょうえつする。＝凌; しのぐ。おかす。おしのける。＝凌	常 3級
陶	阜	トウ [外] ヨウ	[外] すえ	すえ。すえもの。やきもの。; やきものをつくる。やきものを焼やく。また、その人ひと。; みちびく。教化きょうかする。; よろこぶ。たのしむ。心地ここちよい。; うれえる。心こころをふさぐ。; くつろぐ。やわらぎ楽たのしむ。; 「皐陶こうよう」は、伝説でんせつ上じょうの人物じんぶつの名な。舜しゅんの臣しん。	常 3級
隆	阜	リュウ	[外] さか.ん・たか.い	たかい。高たかく盛もり上あがっている。; さかん。盛大せいだい。勢いきおいがある。; たっとい。身分みぶんや位くらいが高たかい。	常 3級
随	阜	ズイ	[外] したが.う・まにま.に・まま	したがう。ついていく。よりそう。; したがう。成なり行ゆきにまかせる。; 易えき（エキ）の六十四卦ろくじゅうしけの一ひとつ。; まま。そのまま。あるがまま。思おもいどおり。; まにまに。成なり行ゆきにまかせて。～につれて。	常 3級
隔	阜	カク	へだ.たる・へだ.てる	へだてる。へだたる。しきる。さえぎる。; へだたり。へだて。しきり。	常 3級
隠	阜	イン [外] オン	かく.す・かく.れる	かくす。おおいかくす。見みえないようにする。知しられないようにする。; かくれる。ひそむ。身みをかくす。; いたむ。あわれむ。心配しんぱいする。; よる。よりかかる。もたれる。	常 4級
隣	阜	リン	となり・とな.る	となり。接せっしている。最もっとも近ちかい。; となる。となりあう。接せっする。近ちかづく。; 周代しゅうだいの行政ぎょうせい区画くかく。五戸ごこの集あつまり。	常 4級
隷	隶	レイ	[外] したが.う・しもべ	したがう。つく。つきしたがう。; しもべ。召めし使つかい。また、下級かきゅうの役人やくにん。; 書体しょたいの一ひとつ。隷書れいしょ。	常 4級
隻	隹	セキ	[外] ひと.つ	ひとつ。ただひとつ。また、わずか。少すこし。; 一羽いちわの鳥とり。鳥とり一羽いちわ。; 二ふたつで一組ひとくみのものの片方かたほう。片割かたわれ。; 船ふね・車くるま・禽獣きんじゅうなどを数かぞえることば。	常 3級
雄	隹	ユウ	お・おす [外] おん・まさ.る	お。おす。動物どうぶつのおす。植物しょくぶつのおす。; まさる。すぐれる。すぐれた人ひと。; つよい。いさましい。力ちから強づよい。; さかん。勢いきおいがある。	常 4級
雅	隹	ガ [外] ア	[外] つね・みやび・みやび.やか	みやびやか。みやび。上品じょうひんなさま。; ただしい。よい。きちんとしている。; つね。もと。もとより。もともと。; 「詩経しきょう」の六義りくぎの一ひとつ。; からす。カラス科かの鳥とり。＝鴉	常 4級
雇	隹	コ	やと.う	やとう。賃金ちんぎんを払はらって人ひとを使つかう。	常 3級
雌	隹	シ	め・めす [外] めん	め。めす。動物どうぶつのめす。植物しょくぶつのめす。; よわい。弱々よわよわしい。力ちからのない。	常 4級
離	隹	リ [外] レイ	はな.す・はな.れる [外] かか.る・か.る・つ.く・なら.ぶ	はなす。はなれる。わかれる。; かかる。ひっかかる。; ならぶ。ならびつらなる。; 易えき（エキ）の八卦はっけの一ひとつ。方位ほういでは南みなみ。; 易えき（エキ）の六十四卦ろくじゅうしけの一ひとつ。; つく。くっつく。＝麗	常 4級
零	雨	レイ	[外] あま.り・お.ちる・こぼ.れる・ゼロ・ふ.る	ふる。雨あめが音おとを立たてずに静しずかにふる。; おちる。したたりおちる。; おちる。おちぶれる。しおれる。枯かれる。; わずか。小ちいさい。少すくない。; レイ。ゼロ。０。正せいでも負ふでもない数かず。; こぼれる。あふれ出でる。漏もれ出でる。	常 3級
雷	雨	ライ	かみなり [外] いかずち	かみなり。いかずち。空中くうちゅうの放電ほうでんによって、光ひかりと音おとを発生はっせいする現象げんしょう。	常 4級
需	雨	ジュ	[外] もと.める	もとめる。もとめ。必要ひつようとする。不足ふそくしているものを要求ようきゅうする。; ためらう。進すすまない。決心けっしんがつかない。; 易えき（エキ）の六十四卦ろくじゅうしけの一ひとつ。	常 4級
震	雨	シン	ふる.う・ふる.える	ふるう。ふるえる。ゆれうごく。; ふるえおののく。おどろきおそれる。; いかずち。はげしい雷かみなり。; 易えき（エキ）の八卦はっけの一ひとつ。方位ほういでは東ひがし。; 易えき（エキ）の六十四卦ろくじゅうしけの一ひとつ。	常 4級
霊	雨	レイ・リョウ	たま [外] たましい・よ.い	たま。たましい。死者ししゃのたましい。; 神秘しんぴな力ちから。不思議ふしぎな力ちから。; みこ。かんなぎ。; よい。かしこい。すぐれている。	常 3級
霧	雨	ム [外] ブ	きり	きり。空気くうき中ちゅうに浮うかぶ細こまかい水滴すいてき。; 霧きりのようなもの。ぼやけている、暗くらい、細こまかい、散ちる、消きえるなどのたとえ。	常 4級
露	雨	ロ・ロウ	つゆ [外] あらわ・あらわ.す・あらわ.れる	つゆ。しずく。水滴すいてき。; あらわす。あらわれる。むきだしにする。; あらわす。あらわれる。表おもてに出だす。; つゆ。わずか。少すこし。少すこしも。; 国名こくめい「露西亜ろしあ（ロシア）」の略りゃく。	常 4級
響	音	キョウ	ひび.く [外] どよ.めく	ひびき。震ふるえひびく音おと。広ひろがり伝つたわる音おと。; ひびく。どよめく。音おとがひびいて伝つたわる。	常 4級
項	頁	コウ	[外] うなじ	うなじ。首くびすじ。首くびの後うしろ部分ぶぶん。; ことがら。一ひとつ一ひとつの事柄ことがら。物事ものごとを細こまかく分類ぶんるいしたもの。; 数式すうしきや数列すうれつを組くみ立たてる要素ようそ。	常 4級
頼	頁	ライ	たの.む・たの.もしい・たよ.る [外] たよ.り	たよる。たのむ。たのみにする。; たより。たのみにする人ひとや物もの。; もうけ。もうける。利益りえき。利益りえきを得える。; さいわいに。おかげで。; たのむ。願ねがう。請こう。求もとめる。; たのもしい。たよりになる。	常 4級
顧	頁	コ	かえり.みる	かえりみる。ふりかえって見みまわす。; かえりみる。見みまわす。気きを配くばる。; かえりみる。過去かこをふりかえる。反省はんせいする。; かえりみる。目めをかける。かわいがる。; かえって。反対はんたいに。	常 3級
飽	食	ホウ	あ.かす・あ.きる	あきる。食たべあきる。あきるほど食たべる。; あきる。満みち足たりる。いっぱいになる。; あかす。あかせる。満足まんぞくさせる。; あくまで。あきるまで。満足まんぞくするまで。	常 3級
飾	食	ショク	かざ.る [外] かざ.り	かざる。手てを加くわえて美うつくしくみせる。; かざり。美うつくしくみせるためのもの。	常 4級
餓	食	ガ	[外] う.え・う.える	うえる。うえ。食物しょくもつが不足ふそくして死しにそうになる。からだがやせ細ほそる。	常 3級
駆	馬	ク	か.ける・か.る [外] お.う	かける。走はしる。馬うまに乗のって走はしる。; かる。馬うまにむちを打うって走はしらせる。; かる。おう。追おい立たてる。; せまる。しいる。強要きょうようする。	常 4級
駐	馬	チュウ [外] チュ	[外] とど.まる	とどまる。一定いっていの場所ばしょにとどまる。; とどめる。ひきとめる。とめておく。	常 3級
騎	馬	キ	[外] の.る	のる。馬うまにのる。馬うまにまたがる。転てんじて、物ものにまたがる。; 乗馬じょうば。乗用じょうようの馬うま。; 馬うまに乗のった兵へい。また、それを数かぞえることば。	常 3級
騒	馬	ソウ	さわ.ぐ [外] うれ.い・ざわ.つく・ぞめ.く	さわぐ。さわがしい。さわがす。; うれい。うれえる。思おもい悩なやむ。心配しんぱいする。; 中国ちゅうごくの韻文いんぶんにおける文体ぶんたいのひとつ。; ぞめく。浮うかれてさわぐ。	常 4級
驚	馬	キョウ	おどろ.かす・おどろ.く	おどろく。びっくりする。おびえる。; おどろかす。びっくりさせる。; はやい。激はげしくはやい。	常 4級
髄	骨	ズイ		骨ほねの中心ちゅうしんにある柔やわらかい組織そしき。; 物事ものごとの中心ちゅうしん。本質ほんしつ。要点ようてん。	常 3級
髪	髟	ハツ [外] ホツ	かみ	かみ。髪かみの毛け。頭あたまの毛け。; ごくわずか。わずかな量りょうのたとえ。; 長ながさの単位たんい。一寸いっすんの百分ひゃくぶんの一いち。	常 4級
鬼	鬼	キ	おに	おに。死者ししゃのたましい。亡霊ぼうれい。霊魂れいこん。; おに。もののけ。化ばけ物もの。妖怪ようかい。; おに。計はかり知しれない力ちからを持もつもの。不思議ふしぎな力ちからを持もつもの。; すぐれている。人間にんげんわざをこえている。; おに。想像上そうぞうじょうの生物いきもの。人ひとの姿すがたをして、二本にほんの角つのがある。; おに。むごい。残酷ざんこく。; おに。勇いさましい。強つよい。; おに。大おおきい。桁外けたはずれに大おおきい。	常 4級
魂	鬼	コン	たましい [外] たま	たましい。たま。体からだの中なかに宿やどり、精神せいしんをつかさどる精気せいき。「魂こん」は陽よう、「魄はく」は陰いんの精気せいき。「魂こん」は精神せいしん、「魄はく」は肉体にくたいをつかさどるもの。生いきている人ひとにはこの二ふたつが宿やどるとされる。; こころ。思おもい。気持きもち。精神せいしん。	常 3級
魅	鬼	ミ [外] ビ	[外] すだま・もののけ	すだま。もののけ。化ばけ物もの。妖怪ようかい。; みいる。人ひとの心こころをひきつけて迷まよわせる。	常 3級
魔	鬼	マ [外] バ		人ひとの心こころをまどわすもの。人ひとをまどわして害がいを与あたえるもの。; 何なにかに熱中ねっちゅうして本質ほんしつを見失みうしなった者もの。また、その原因げんいんとなるもの。; 怪あやしい術じゅつ。不思議ふしぎな術じゅつ。; 梵語ぼんごの「魔羅まら」を略りゃくしたもの。仏道ぶつどう修行しゅぎょうの妨さまたげをするもの。	常 3級
鮮	魚	セン	あざ.やか [外] あたら.しい・すく.ない	さかな。生いきている魚さかな。生魚せいぎょ。; 魚さかなのなます。; あたらしい。生いき生いきとしている。; あざやか。はっきりしている。明あきらか。; よい。美うつくしい。みめよい。あでやか。; すくない。まれである。	常 4級
鯨	魚	ゲイ [外] ケイ	くじら	くじら。クジラ目もくの大型おおがたの哺乳ほにゅう動物どうぶつ。; おくじら。くじらの雄おす。雌めすを「鯢」という。	常 3級
鶏	鳥	ケイ	にわとり [外] とり	にわとり。とり。キジ科かの鳥とり。家禽かきん。	常 3級
麗	鹿	レイ [外] リ	うるわ.しい [外] うら.ら・うら.らか・つら.なる・なら.ぶ	うるわしい。うつくしい。; ならぶ。つらなる。; そろい。そろう。対ついになる。; つく。くっつく。つける。くっつける。; かかる。ひっかかる。; 「高句麗こうくり」は、古代こだいの国名こくめい。; うららか。うらら。空そらが晴はれて、穏おだやかなさま。	常 4級
黙	黑・黒部（くろ）	モク [外] ボク	だま.る [外] だんま.り・もだ.す	だまる。声こえを出ださない。口くちをきかない。; しずか。しずまる。ひっそりしている。	常 4級
鼓	鼓	コ	つづみ	つづみ。太鼓たいこ。打楽器だがっきの一種いっしゅ。; たたく。うつ。うち鳴ならす。; ふるいおこす。ふるいたたせる。	常 4級
齢	齒・歯部（齒 歯：はへん）	レイ	[外] とし・よわい	とし。よわい。人ひとがうまれてからの年数ねんすう。	常 4級
